ISO-10303-21;
HEADER;
/* Generated by software containing ST-Developer
 * from STEP Tools, Inc. (www.steptools.com) 
 */
/* OPTION: strings as raw bytes, not using required /X/ escapes */

FILE_DESCRIPTION(
/* description */ ('Unknown'),
/* implementation_level */ '2;1');

FILE_NAME(
/* name */ 'iPhone 16 Pro',
/* time_stamp */ '2024-12-24T07:32:48+09:00',
/* author */ ('Unknown'),
/* organization */ ('Unknown'),
/* preprocessor_version */ 'ST-DEVELOPER v16.7',
/* originating_system */ 'Solid Edge',
/* authorisation */ 'Unknown');

FILE_SCHEMA (('AUTOMOTIVE_DESIGN {1 0 10303 214 3 1 1}'));
ENDSEC;

DATA;
#10=PROPERTY_DEFINITION_REPRESENTATION(#14,#12);
#11=PROPERTY_DEFINITION_REPRESENTATION(#15,#13);
#12=REPRESENTATION('',(#16),#4668);
#13=REPRESENTATION('',(#17),#4668);
#14=PROPERTY_DEFINITION('pmi validation property','',#4673);
#15=PROPERTY_DEFINITION('pmi validation property','',#4673);
#16=VALUE_REPRESENTATION_ITEM('number of annotations',COUNT_MEASURE(0.));
#17=VALUE_REPRESENTATION_ITEM('number of views',COUNT_MEASURE(0.));
#18=SHAPE_REPRESENTATION_RELATIONSHIP('','',#3035,#19);
#19=ADVANCED_BREP_SHAPE_REPRESENTATION('',(#3033),#4668);
#20=(
BOUNDED_SURFACE()
B_SPLINE_SURFACE(3,2,((#4553,#4554,#4555),(#4556,#4557,#4558),(#4559,#4560,
#4561),(#4562,#4563,#4564)),.UNSPECIFIED.,.F.,.F.,.F.)
B_SPLINE_SURFACE_WITH_KNOTS((4,4),(3,3),(0.,0.000960006498151193),(0.,1.),
 .PIECEWISE_BEZIER_KNOTS.)
GEOMETRIC_REPRESENTATION_ITEM()
RATIONAL_B_SPLINE_SURFACE(((1.,0.738171573142391,1.),(1.,0.735436706783104,
1.),(1.,0.734034038822761,1.),(1.,0.734034038821943,1.)))
REPRESENTATION_ITEM('')
SURFACE()
);
#21=(
BOUNDED_SURFACE()
B_SPLINE_SURFACE(3,2,((#4567,#4568,#4569),(#4570,#4571,#4572),(#4573,#4574,
#4575),(#4576,#4577,#4578),(#4579,#4580,#4581),(#4582,#4583,#4584),(#4585,
#4586,#4587)),.UNSPECIFIED.,.F.,.F.,.F.)
B_SPLINE_SURFACE_WITH_KNOTS((4,1,1,1,4),(3,3),(0.00561446494137326,0.00952182019441509,
0.0134291754474569,0.0173365307004988,0.0212438859535406),(0.,1.),
 .UNSPECIFIED.)
GEOMETRIC_REPRESENTATION_ITEM()
RATIONAL_B_SPLINE_SURFACE(((1.,0.738171573142391,1.),(1.,0.749669380391827,
1.),(1.,0.767407900884749,1.),(1.,0.776404211834527,1.),(1.,0.767407885928719,
1.),(1.,0.749668705068253,1.),(1.,0.738171573142394,1.)))
REPRESENTATION_ITEM('')
SURFACE()
);
#22=(
BOUNDED_SURFACE()
B_SPLINE_SURFACE(3,2,((#4591,#4592,#4593),(#4594,#4595,#4596),(#4597,#4598,
#4599),(#4600,#4601,#4602)),.UNSPECIFIED.,.F.,.F.,.F.)
B_SPLINE_SURFACE_WITH_KNOTS((4,4),(3,3),(0.,0.000960006498151249),(0.,1.),
 .PIECEWISE_BEZIER_KNOTS.)
GEOMETRIC_REPRESENTATION_ITEM()
RATIONAL_B_SPLINE_SURFACE(((1.,0.734034038821943,1.),(1.,0.734034038822032,
1.),(1.,0.735436706782855,1.),(1.,0.738171573142391,1.)))
REPRESENTATION_ITEM('')
SURFACE()
);
#23=(
BOUNDED_SURFACE()
B_SPLINE_SURFACE(3,2,((#4604,#4605,#4606),(#4607,#4608,#4609),(#4610,#4611,
#4612),(#4613,#4614,#4615)),.UNSPECIFIED.,.F.,.F.,.F.)
B_SPLINE_SURFACE_WITH_KNOTS((4,4),(3,3),(0.,0.00228037323849035),(0.,1.),
 .PIECEWISE_BEZIER_KNOTS.)
GEOMETRIC_REPRESENTATION_ITEM()
RATIONAL_B_SPLINE_SURFACE(((1.,0.734034038821943,1.),(1.,0.734034038730075,
1.),(1.,0.724924814783214,1.),(1.,0.707106781186548,1.)))
REPRESENTATION_ITEM('')
SURFACE()
);
#24=(
BOUNDED_SURFACE()
B_SPLINE_SURFACE(3,2,((#4621,#4622,#4623),(#4624,#4625,#4626),(#4627,#4628,
#4629),(#4630,#4631,#4632)),.UNSPECIFIED.,.F.,.F.,.F.)
B_SPLINE_SURFACE_WITH_KNOTS((4,4),(3,3),(0.,0.00228037323849029),(0.,1.),
 .PIECEWISE_BEZIER_KNOTS.)
GEOMETRIC_REPRESENTATION_ITEM()
RATIONAL_B_SPLINE_SURFACE(((1.,0.707106781186548,1.),(1.,0.724924814784487,
1.),(1.,0.734034038730457,1.),(1.,0.734034038821943,1.)))
REPRESENTATION_ITEM('')
SURFACE()
);
#25=B_SPLINE_CURVE_WITH_KNOTS('',3,(#4253,#4254,#4255,#4256),
 .UNSPECIFIED.,.F.,.F.,(4,4),(1.78811203067275E-18,0.00189505166525506),
 .UNSPECIFIED.);
#26=B_SPLINE_CURVE_WITH_KNOTS('',3,(#4260,#4261,#4262,#4263),
 .UNSPECIFIED.,.F.,.F.,(4,4),(0.,0.00189365318660443),.UNSPECIFIED.);
#27=B_SPLINE_CURVE_WITH_KNOTS('',3,(#4285,#4286,#4287,#4288),
 .UNSPECIFIED.,.F.,.F.,(4,4),(3.49644694633735E-18,0.00189365318660443),
 .UNSPECIFIED.);
#28=B_SPLINE_CURVE_WITH_KNOTS('',3,(#4290,#4291,#4292,#4293),
 .UNSPECIFIED.,.F.,.F.,(4,4),(2.74283864732555E-18,0.00189505166525506),
 .UNSPECIFIED.);
#29=B_SPLINE_CURVE_WITH_KNOTS('',3,(#4302,#4303,#4304,#4305),
 .UNSPECIFIED.,.F.,.F.,(4,4),(0.,0.00226772910259109),.UNSPECIFIED.);
#30=B_SPLINE_CURVE_WITH_KNOTS('',3,(#4308,#4309,#4310,#4311),
 .UNSPECIFIED.,.F.,.F.,(4,4),(0.,0.00226772910259103),.UNSPECIFIED.);
#31=B_SPLINE_CURVE_WITH_KNOTS('',3,(#4317,#4318,#4319,#4320),
 .UNSPECIFIED.,.F.,.F.,(4,4),(0.,0.000944207647588426),.UNSPECIFIED.);
#32=B_SPLINE_CURVE_WITH_KNOTS('',3,(#4322,#4323,#4324,#4325,#4326,#4327,
#4328),.UNSPECIFIED.,.F.,.F.,(4,1,1,1,4),(0.,0.0038304552574224,0.00766091051484481,
0.0114913657722672,0.0153218210296896),.UNSPECIFIED.);
#33=B_SPLINE_CURVE_WITH_KNOTS('',3,(#4330,#4331,#4332,#4333),
 .UNSPECIFIED.,.F.,.F.,(4,4),(0.,0.000944207647588426),.UNSPECIFIED.);
#34=B_SPLINE_CURVE_WITH_KNOTS('',3,(#4393,#4394,#4395,#4396),
 .UNSPECIFIED.,.F.,.F.,(4,4),(0.,0.00177174570544615),.UNSPECIFIED.);
#35=B_SPLINE_CURVE_WITH_KNOTS('',3,(#4397,#4398,#4399,#4400),
 .UNSPECIFIED.,.F.,.F.,(4,4),(1.30104260698261E-18,0.00177081995744871),
 .UNSPECIFIED.);
#36=B_SPLINE_CURVE_WITH_KNOTS('',3,(#4405,#4406,#4407,#4408),
 .UNSPECIFIED.,.F.,.F.,(4,4),(0.,0.00177174570544614),.UNSPECIFIED.);
#37=B_SPLINE_CURVE_WITH_KNOTS('',3,(#4409,#4410,#4411,#4412),
 .UNSPECIFIED.,.F.,.F.,(4,4),(0.,0.0017708199574487),.UNSPECIFIED.);
#38=B_SPLINE_CURVE_WITH_KNOTS('',3,(#4486,#4487,#4488,#4489),
 .UNSPECIFIED.,.F.,.F.,(4,4),(1.30104260698261E-18,0.00181290708720078),
 .UNSPECIFIED.);
#39=B_SPLINE_CURVE_WITH_KNOTS('',3,(#4496,#4497,#4498,#4499),
 .UNSPECIFIED.,.F.,.F.,(4,4),(0.,0.00181290708720074),.UNSPECIFIED.);
#40=B_SPLINE_CURVE_WITH_KNOTS('',3,(#4506,#4507,#4508,#4509),
 .UNSPECIFIED.,.F.,.F.,(4,4),(4.16333634234434E-17,0.000960006498151235),
 .UNSPECIFIED.);
#41=B_SPLINE_CURVE_WITH_KNOTS('',3,(#4517,#4518,#4519,#4520,#4521,#4522,
#4523),.UNSPECIFIED.,.F.,.F.,(4,1,1,1,4),(0.,0.00314345053984199,0.00628690107968397,
0.00943035161952595,0.0125738021593679),.UNSPECIFIED.);
#42=B_SPLINE_CURVE_WITH_KNOTS('',3,(#4528,#4529,#4530,#4531),
 .UNSPECIFIED.,.F.,.F.,(4,4),(0.,0.000960006498151194),.UNSPECIFIED.);
#43=TOROIDAL_SURFACE('',#3147,10.7,1.3);
#44=TOROIDAL_SURFACE('',#3154,10.7,1.3);
#45=TOROIDAL_SURFACE('',#3156,10.7,1.3);
#46=TOROIDAL_SURFACE('',#3162,10.7,1.3);
#47=TOROIDAL_SURFACE('',#3163,10.7,1.3);
#48=TOROIDAL_SURFACE('',#3170,10.7,1.3);
#49=TOROIDAL_SURFACE('',#3172,10.7,1.3);
#50=TOROIDAL_SURFACE('',#3178,10.7,1.3);
#51=TOROIDAL_SURFACE('',#3251,10.,2.05);
#52=TOROIDAL_SURFACE('',#3256,10.,2.05);
#53=TOROIDAL_SURFACE('',#3258,10.,2.05);
#54=CYLINDRICAL_SURFACE('',#3076,1.33);
#55=CYLINDRICAL_SURFACE('',#3077,1.33);
#56=CYLINDRICAL_SURFACE('',#3090,1.515);
#57=CYLINDRICAL_SURFACE('',#3091,1.515);
#58=CYLINDRICAL_SURFACE('',#3092,2.015);
#59=CYLINDRICAL_SURFACE('',#3093,2.015);
#60=CYLINDRICAL_SURFACE('',#3109,1.33);
#61=CYLINDRICAL_SURFACE('',#3110,1.33);
#62=CYLINDRICAL_SURFACE('',#3111,1.33);
#63=CYLINDRICAL_SURFACE('',#3112,1.33);
#64=CYLINDRICAL_SURFACE('',#3113,1.33);
#65=CYLINDRICAL_SURFACE('',#3114,1.33);
#66=CYLINDRICAL_SURFACE('',#3128,1.38);
#67=CYLINDRICAL_SURFACE('',#3129,1.38);
#68=CYLINDRICAL_SURFACE('',#3130,1.43);
#69=CYLINDRICAL_SURFACE('',#3131,1.43);
#70=CYLINDRICAL_SURFACE('',#3134,0.7);
#71=CYLINDRICAL_SURFACE('',#3135,12.);
#72=CYLINDRICAL_SURFACE('',#3138,12.);
#73=CYLINDRICAL_SURFACE('',#3141,12.);
#74=CYLINDRICAL_SURFACE('',#3144,12.);
#75=CYLINDRICAL_SURFACE('',#3150,1.3);
#76=CYLINDRICAL_SURFACE('',#3152,1.3);
#77=CYLINDRICAL_SURFACE('',#3158,1.3);
#78=CYLINDRICAL_SURFACE('',#3160,1.3);
#79=CYLINDRICAL_SURFACE('',#3166,1.3);
#80=CYLINDRICAL_SURFACE('',#3168,1.3);
#81=CYLINDRICAL_SURFACE('',#3174,1.3);
#82=CYLINDRICAL_SURFACE('',#3176,1.3);
#83=CYLINDRICAL_SURFACE('',#3192,1.3);
#84=CYLINDRICAL_SURFACE('',#3193,1.3);
#85=CYLINDRICAL_SURFACE('',#3201,3.25);
#86=CYLINDRICAL_SURFACE('',#3202,3.25);
#87=CYLINDRICAL_SURFACE('',#3203,3.25);
#88=CYLINDRICAL_SURFACE('',#3204,3.25);
#89=CYLINDRICAL_SURFACE('',#3205,3.35);
#90=CYLINDRICAL_SURFACE('',#3206,3.35);
#91=CYLINDRICAL_SURFACE('',#3214,1.57);
#92=CYLINDRICAL_SURFACE('',#3215,1.57);
#93=CYLINDRICAL_SURFACE('',#3216,1.28);
#94=CYLINDRICAL_SURFACE('',#3218,1.28);
#95=CYLINDRICAL_SURFACE('',#3225,7.95);
#96=CYLINDRICAL_SURFACE('',#3227,7.95);
#97=CYLINDRICAL_SURFACE('',#3230,7.95);
#98=CYLINDRICAL_SURFACE('',#3245,2.05);
#99=CYLINDRICAL_SURFACE('',#3249,2.05);
#100=CYLINDRICAL_SURFACE('',#3254,2.05);
#101=CYLINDRICAL_SURFACE('',#3260,2.05);
#102=CYLINDRICAL_SURFACE('',#3261,8.1);
#103=CYLINDRICAL_SURFACE('',#3264,8.1);
#104=CYLINDRICAL_SURFACE('',#3267,8.1);
#105=CYLINDRICAL_SURFACE('',#3270,3.46);
#106=CYLINDRICAL_SURFACE('',#3273,3.51);
#107=CYLINDRICAL_SURFACE('',#3279,0.375);
#108=CIRCLE('',#3038,10.);
#109=CIRCLE('',#3039,10.7);
#110=CIRCLE('',#3040,10.7);
#111=CIRCLE('',#3041,10.7);
#112=CIRCLE('',#3042,10.);
#113=CIRCLE('',#3043,10.);
#114=CIRCLE('',#3045,1.28);
#115=CIRCLE('',#3046,1.28);
#116=CIRCLE('',#3048,3.35);
#117=CIRCLE('',#3050,3.35);
#118=CIRCLE('',#3052,1.43);
#119=CIRCLE('',#3053,1.43);
#120=CIRCLE('',#3054,1.33);
#121=CIRCLE('',#3055,1.33);
#122=CIRCLE('',#3056,1.33);
#123=CIRCLE('',#3057,1.33);
#124=CIRCLE('',#3058,1.33);
#125=CIRCLE('',#3059,1.33);
#126=CIRCLE('',#3061,2.015);
#127=CIRCLE('',#3062,2.015);
#128=CIRCLE('',#3063,1.33);
#129=CIRCLE('',#3064,1.33);
#130=CIRCLE('',#3067,10.7);
#131=CIRCLE('',#3068,10.7);
#132=CIRCLE('',#3069,10.7);
#133=CIRCLE('',#3070,10.7);
#134=CIRCLE('',#3074,1.33);
#135=CIRCLE('',#3075,1.33);
#136=CIRCLE('',#3083,1.515);
#137=CIRCLE('',#3084,1.515);
#138=CIRCLE('',#3085,2.015);
#139=CIRCLE('',#3086,2.015);
#140=CIRCLE('',#3088,1.515);
#141=CIRCLE('',#3089,1.515);
#142=CIRCLE('',#3097,1.33);
#143=CIRCLE('',#3098,1.33);
#144=CIRCLE('',#3102,1.33);
#145=CIRCLE('',#3103,1.33);
#146=CIRCLE('',#3107,1.33);
#147=CIRCLE('',#3108,1.33);
#148=CIRCLE('',#3120,1.38);
#149=CIRCLE('',#3121,1.38);
#150=CIRCLE('',#3122,1.43);
#151=CIRCLE('',#3123,1.43);
#152=CIRCLE('',#3125,0.7);
#153=CIRCLE('',#3126,1.38);
#154=CIRCLE('',#3127,1.38);
#155=CIRCLE('',#3133,0.7);
#156=CIRCLE('',#3136,12.);
#157=CIRCLE('',#3137,12.);
#158=CIRCLE('',#3139,12.);
#159=CIRCLE('',#3140,12.);
#160=CIRCLE('',#3142,12.);
#161=CIRCLE('',#3143,12.);
#162=CIRCLE('',#3145,12.);
#163=CIRCLE('',#3146,12.);
#164=CIRCLE('',#3148,1.3);
#165=CIRCLE('',#3149,1.3);
#166=CIRCLE('',#3151,1.3);
#167=CIRCLE('',#3153,1.3);
#168=CIRCLE('',#3155,1.3);
#169=CIRCLE('',#3157,1.3);
#170=CIRCLE('',#3159,1.3);
#171=CIRCLE('',#3161,1.3);
#172=CIRCLE('',#3164,1.3);
#173=CIRCLE('',#3165,1.3);
#174=CIRCLE('',#3167,1.3);
#175=CIRCLE('',#3169,1.3);
#176=CIRCLE('',#3171,1.3);
#177=CIRCLE('',#3173,1.3);
#178=CIRCLE('',#3175,1.3);
#179=CIRCLE('',#3177,1.3);
#180=CIRCLE('',#3186,3.25);
#181=CIRCLE('',#3187,3.25);
#182=CIRCLE('',#3188,3.25);
#183=CIRCLE('',#3189,3.25);
#184=CIRCLE('',#3190,3.35);
#185=CIRCLE('',#3191,3.35);
#186=CIRCLE('',#3195,1.57);
#187=CIRCLE('',#3196,1.57);
#188=CIRCLE('',#3197,3.25);
#189=CIRCLE('',#3198,3.25);
#190=CIRCLE('',#3199,3.25);
#191=CIRCLE('',#3200,3.25);
#192=CIRCLE('',#3210,1.28);
#193=CIRCLE('',#3211,1.28);
#194=CIRCLE('',#3212,1.57);
#195=CIRCLE('',#3213,1.57);
#196=CIRCLE('',#3226,7.95);
#197=CIRCLE('',#3228,7.95);
#198=CIRCLE('',#3231,7.95);
#199=CIRCLE('',#3234,0.375);
#200=CIRCLE('',#3235,3.51);
#201=CIRCLE('',#3236,8.1);
#202=CIRCLE('',#3237,8.1);
#203=CIRCLE('',#3238,8.1);
#204=CIRCLE('',#3239,7.95);
#205=CIRCLE('',#3240,7.95);
#206=CIRCLE('',#3241,7.95);
#207=CIRCLE('',#3242,2.05);
#208=CIRCLE('',#3243,2.05);
#209=CIRCLE('',#3244,2.05);
#210=CIRCLE('',#3246,2.05);
#211=CIRCLE('',#3247,2.05);
#212=CIRCLE('',#3248,2.05);
#213=CIRCLE('',#3250,2.05);
#214=CIRCLE('',#3252,2.05);
#215=CIRCLE('',#3253,2.05);
#216=CIRCLE('',#3255,2.05);
#217=CIRCLE('',#3257,2.05);
#218=CIRCLE('',#3259,2.05);
#219=CIRCLE('',#3262,8.1);
#220=CIRCLE('',#3265,8.1);
#221=CIRCLE('',#3268,8.1);
#222=CIRCLE('',#3271,3.46);
#223=CIRCLE('',#3272,3.46);
#224=CIRCLE('',#3274,3.51);
#225=CIRCLE('',#3278,0.375);
#226=ORIENTED_EDGE('',*,*,#814,.T.);
#227=ORIENTED_EDGE('',*,*,#815,.T.);
#228=ORIENTED_EDGE('',*,*,#816,.T.);
#229=ORIENTED_EDGE('',*,*,#817,.T.);
#230=ORIENTED_EDGE('',*,*,#818,.T.);
#231=ORIENTED_EDGE('',*,*,#819,.T.);
#232=ORIENTED_EDGE('',*,*,#820,.T.);
#233=ORIENTED_EDGE('',*,*,#821,.T.);
#234=ORIENTED_EDGE('',*,*,#822,.T.);
#235=ORIENTED_EDGE('',*,*,#823,.T.);
#236=ORIENTED_EDGE('',*,*,#824,.T.);
#237=ORIENTED_EDGE('',*,*,#825,.T.);
#238=ORIENTED_EDGE('',*,*,#826,.T.);
#239=ORIENTED_EDGE('',*,*,#827,.T.);
#240=ORIENTED_EDGE('',*,*,#828,.T.);
#241=ORIENTED_EDGE('',*,*,#829,.T.);
#242=ORIENTED_EDGE('',*,*,#830,.F.);
#243=ORIENTED_EDGE('',*,*,#831,.F.);
#244=ORIENTED_EDGE('',*,*,#832,.F.);
#245=ORIENTED_EDGE('',*,*,#833,.F.);
#246=ORIENTED_EDGE('',*,*,#834,.T.);
#247=ORIENTED_EDGE('',*,*,#835,.T.);
#248=ORIENTED_EDGE('',*,*,#836,.T.);
#249=ORIENTED_EDGE('',*,*,#837,.T.);
#250=ORIENTED_EDGE('',*,*,#838,.T.);
#251=ORIENTED_EDGE('',*,*,#839,.T.);
#252=ORIENTED_EDGE('',*,*,#840,.T.);
#253=ORIENTED_EDGE('',*,*,#841,.T.);
#254=ORIENTED_EDGE('',*,*,#842,.F.);
#255=ORIENTED_EDGE('',*,*,#843,.T.);
#256=ORIENTED_EDGE('',*,*,#844,.F.);
#257=ORIENTED_EDGE('',*,*,#845,.T.);
#258=ORIENTED_EDGE('',*,*,#846,.T.);
#259=ORIENTED_EDGE('',*,*,#847,.F.);
#260=ORIENTED_EDGE('',*,*,#848,.T.);
#261=ORIENTED_EDGE('',*,*,#849,.F.);
#262=ORIENTED_EDGE('',*,*,#850,.T.);
#263=ORIENTED_EDGE('',*,*,#851,.T.);
#264=ORIENTED_EDGE('',*,*,#852,.T.);
#265=ORIENTED_EDGE('',*,*,#853,.T.);
#266=ORIENTED_EDGE('',*,*,#854,.T.);
#267=ORIENTED_EDGE('',*,*,#855,.F.);
#268=ORIENTED_EDGE('',*,*,#856,.T.);
#269=ORIENTED_EDGE('',*,*,#857,.F.);
#270=ORIENTED_EDGE('',*,*,#858,.F.);
#271=ORIENTED_EDGE('',*,*,#859,.T.);
#272=ORIENTED_EDGE('',*,*,#860,.F.);
#273=ORIENTED_EDGE('',*,*,#861,.T.);
#274=ORIENTED_EDGE('',*,*,#862,.F.);
#275=ORIENTED_EDGE('',*,*,#863,.T.);
#276=ORIENTED_EDGE('',*,*,#864,.F.);
#277=ORIENTED_EDGE('',*,*,#865,.T.);
#278=ORIENTED_EDGE('',*,*,#866,.T.);
#279=ORIENTED_EDGE('',*,*,#867,.T.);
#280=ORIENTED_EDGE('',*,*,#868,.T.);
#281=ORIENTED_EDGE('',*,*,#869,.T.);
#282=ORIENTED_EDGE('',*,*,#870,.T.);
#283=ORIENTED_EDGE('',*,*,#871,.F.);
#284=ORIENTED_EDGE('',*,*,#872,.T.);
#285=ORIENTED_EDGE('',*,*,#873,.F.);
#286=ORIENTED_EDGE('',*,*,#874,.T.);
#287=ORIENTED_EDGE('',*,*,#875,.T.);
#288=ORIENTED_EDGE('',*,*,#876,.T.);
#289=ORIENTED_EDGE('',*,*,#877,.T.);
#290=ORIENTED_EDGE('',*,*,#878,.T.);
#291=ORIENTED_EDGE('',*,*,#879,.T.);
#292=ORIENTED_EDGE('',*,*,#880,.T.);
#293=ORIENTED_EDGE('',*,*,#881,.T.);
#294=ORIENTED_EDGE('',*,*,#882,.T.);
#295=ORIENTED_EDGE('',*,*,#883,.T.);
#296=ORIENTED_EDGE('',*,*,#884,.T.);
#297=ORIENTED_EDGE('',*,*,#885,.T.);
#298=ORIENTED_EDGE('',*,*,#873,.T.);
#299=ORIENTED_EDGE('',*,*,#886,.T.);
#300=ORIENTED_EDGE('',*,*,#887,.F.);
#301=ORIENTED_EDGE('',*,*,#888,.T.);
#302=ORIENTED_EDGE('',*,*,#871,.T.);
#303=ORIENTED_EDGE('',*,*,#889,.T.);
#304=ORIENTED_EDGE('',*,*,#890,.F.);
#305=ORIENTED_EDGE('',*,*,#891,.T.);
#306=ORIENTED_EDGE('',*,*,#890,.T.);
#307=ORIENTED_EDGE('',*,*,#892,.T.);
#308=ORIENTED_EDGE('',*,*,#887,.T.);
#309=ORIENTED_EDGE('',*,*,#893,.T.);
#310=ORIENTED_EDGE('',*,*,#892,.F.);
#311=ORIENTED_EDGE('',*,*,#889,.F.);
#312=ORIENTED_EDGE('',*,*,#870,.F.);
#313=ORIENTED_EDGE('',*,*,#888,.F.);
#314=ORIENTED_EDGE('',*,*,#893,.F.);
#315=ORIENTED_EDGE('',*,*,#886,.F.);
#316=ORIENTED_EDGE('',*,*,#872,.F.);
#317=ORIENTED_EDGE('',*,*,#891,.F.);
#318=ORIENTED_EDGE('',*,*,#894,.F.);
#319=ORIENTED_EDGE('',*,*,#895,.T.);
#320=ORIENTED_EDGE('',*,*,#862,.T.);
#321=ORIENTED_EDGE('',*,*,#896,.T.);
#322=ORIENTED_EDGE('',*,*,#897,.F.);
#323=ORIENTED_EDGE('',*,*,#898,.T.);
#324=ORIENTED_EDGE('',*,*,#899,.T.);
#325=ORIENTED_EDGE('',*,*,#900,.T.);
#326=ORIENTED_EDGE('',*,*,#901,.F.);
#327=ORIENTED_EDGE('',*,*,#902,.T.);
#328=ORIENTED_EDGE('',*,*,#903,.T.);
#329=ORIENTED_EDGE('',*,*,#904,.T.);
#330=ORIENTED_EDGE('',*,*,#905,.F.);
#331=ORIENTED_EDGE('',*,*,#906,.T.);
#332=ORIENTED_EDGE('',*,*,#864,.T.);
#333=ORIENTED_EDGE('',*,*,#907,.T.);
#334=ORIENTED_EDGE('',*,*,#903,.F.);
#335=ORIENTED_EDGE('',*,*,#908,.T.);
#336=ORIENTED_EDGE('',*,*,#899,.F.);
#337=ORIENTED_EDGE('',*,*,#909,.T.);
#338=ORIENTED_EDGE('',*,*,#910,.T.);
#339=ORIENTED_EDGE('',*,*,#905,.T.);
#340=ORIENTED_EDGE('',*,*,#911,.T.);
#341=ORIENTED_EDGE('',*,*,#894,.T.);
#342=ORIENTED_EDGE('',*,*,#912,.T.);
#343=ORIENTED_EDGE('',*,*,#901,.T.);
#344=ORIENTED_EDGE('',*,*,#913,.T.);
#345=ORIENTED_EDGE('',*,*,#897,.T.);
#346=ORIENTED_EDGE('',*,*,#908,.F.);
#347=ORIENTED_EDGE('',*,*,#902,.F.);
#348=ORIENTED_EDGE('',*,*,#912,.F.);
#349=ORIENTED_EDGE('',*,*,#900,.F.);
#350=ORIENTED_EDGE('',*,*,#909,.F.);
#351=ORIENTED_EDGE('',*,*,#898,.F.);
#352=ORIENTED_EDGE('',*,*,#913,.F.);
#353=ORIENTED_EDGE('',*,*,#904,.F.);
#354=ORIENTED_EDGE('',*,*,#910,.F.);
#355=ORIENTED_EDGE('',*,*,#896,.F.);
#356=ORIENTED_EDGE('',*,*,#865,.F.);
#357=ORIENTED_EDGE('',*,*,#906,.F.);
#358=ORIENTED_EDGE('',*,*,#911,.F.);
#359=ORIENTED_EDGE('',*,*,#907,.F.);
#360=ORIENTED_EDGE('',*,*,#863,.F.);
#361=ORIENTED_EDGE('',*,*,#895,.F.);
#362=ORIENTED_EDGE('',*,*,#857,.T.);
#363=ORIENTED_EDGE('',*,*,#914,.T.);
#364=ORIENTED_EDGE('',*,*,#915,.F.);
#365=ORIENTED_EDGE('',*,*,#916,.T.);
#366=ORIENTED_EDGE('',*,*,#917,.F.);
#367=ORIENTED_EDGE('',*,*,#918,.T.);
#368=ORIENTED_EDGE('',*,*,#855,.T.);
#369=ORIENTED_EDGE('',*,*,#919,.T.);
#370=ORIENTED_EDGE('',*,*,#920,.T.);
#371=ORIENTED_EDGE('',*,*,#917,.T.);
#372=ORIENTED_EDGE('',*,*,#921,.T.);
#373=ORIENTED_EDGE('',*,*,#915,.T.);
#374=ORIENTED_EDGE('',*,*,#849,.T.);
#375=ORIENTED_EDGE('',*,*,#922,.T.);
#376=ORIENTED_EDGE('',*,*,#923,.F.);
#377=ORIENTED_EDGE('',*,*,#924,.T.);
#378=ORIENTED_EDGE('',*,*,#925,.F.);
#379=ORIENTED_EDGE('',*,*,#926,.T.);
#380=ORIENTED_EDGE('',*,*,#847,.T.);
#381=ORIENTED_EDGE('',*,*,#927,.T.);
#382=ORIENTED_EDGE('',*,*,#928,.T.);
#383=ORIENTED_EDGE('',*,*,#925,.T.);
#384=ORIENTED_EDGE('',*,*,#929,.T.);
#385=ORIENTED_EDGE('',*,*,#923,.T.);
#386=ORIENTED_EDGE('',*,*,#930,.F.);
#387=ORIENTED_EDGE('',*,*,#931,.T.);
#388=ORIENTED_EDGE('',*,*,#858,.T.);
#389=ORIENTED_EDGE('',*,*,#932,.T.);
#390=ORIENTED_EDGE('',*,*,#933,.F.);
#391=ORIENTED_EDGE('',*,*,#934,.T.);
#392=ORIENTED_EDGE('',*,*,#860,.T.);
#393=ORIENTED_EDGE('',*,*,#935,.T.);
#394=ORIENTED_EDGE('',*,*,#936,.T.);
#395=ORIENTED_EDGE('',*,*,#933,.T.);
#396=ORIENTED_EDGE('',*,*,#937,.T.);
#397=ORIENTED_EDGE('',*,*,#930,.T.);
#398=ORIENTED_EDGE('',*,*,#936,.F.);
#399=ORIENTED_EDGE('',*,*,#932,.F.);
#400=ORIENTED_EDGE('',*,*,#861,.F.);
#401=ORIENTED_EDGE('',*,*,#934,.F.);
#402=ORIENTED_EDGE('',*,*,#921,.F.);
#403=ORIENTED_EDGE('',*,*,#919,.F.);
#404=ORIENTED_EDGE('',*,*,#854,.F.);
#405=ORIENTED_EDGE('',*,*,#916,.F.);
#406=ORIENTED_EDGE('',*,*,#920,.F.);
#407=ORIENTED_EDGE('',*,*,#914,.F.);
#408=ORIENTED_EDGE('',*,*,#856,.F.);
#409=ORIENTED_EDGE('',*,*,#918,.F.);
#410=ORIENTED_EDGE('',*,*,#929,.F.);
#411=ORIENTED_EDGE('',*,*,#927,.F.);
#412=ORIENTED_EDGE('',*,*,#846,.F.);
#413=ORIENTED_EDGE('',*,*,#924,.F.);
#414=ORIENTED_EDGE('',*,*,#928,.F.);
#415=ORIENTED_EDGE('',*,*,#922,.F.);
#416=ORIENTED_EDGE('',*,*,#848,.F.);
#417=ORIENTED_EDGE('',*,*,#926,.F.);
#418=ORIENTED_EDGE('',*,*,#937,.F.);
#419=ORIENTED_EDGE('',*,*,#935,.F.);
#420=ORIENTED_EDGE('',*,*,#859,.F.);
#421=ORIENTED_EDGE('',*,*,#931,.F.);
#422=ORIENTED_EDGE('',*,*,#842,.T.);
#423=ORIENTED_EDGE('',*,*,#938,.T.);
#424=ORIENTED_EDGE('',*,*,#939,.F.);
#425=ORIENTED_EDGE('',*,*,#940,.T.);
#426=ORIENTED_EDGE('',*,*,#941,.T.);
#427=ORIENTED_EDGE('',*,*,#942,.T.);
#428=ORIENTED_EDGE('',*,*,#943,.F.);
#429=ORIENTED_EDGE('',*,*,#944,.T.);
#430=ORIENTED_EDGE('',*,*,#945,.T.);
#431=ORIENTED_EDGE('',*,*,#946,.T.);
#432=ORIENTED_EDGE('',*,*,#947,.F.);
#433=ORIENTED_EDGE('',*,*,#948,.T.);
#434=ORIENTED_EDGE('',*,*,#844,.T.);
#435=ORIENTED_EDGE('',*,*,#949,.T.);
#436=ORIENTED_EDGE('',*,*,#950,.F.);
#437=ORIENTED_EDGE('',*,*,#951,.T.);
#438=ORIENTED_EDGE('',*,*,#945,.F.);
#439=ORIENTED_EDGE('',*,*,#952,.T.);
#440=ORIENTED_EDGE('',*,*,#941,.F.);
#441=ORIENTED_EDGE('',*,*,#953,.T.);
#442=ORIENTED_EDGE('',*,*,#950,.T.);
#443=ORIENTED_EDGE('',*,*,#954,.T.);
#444=ORIENTED_EDGE('',*,*,#939,.T.);
#445=ORIENTED_EDGE('',*,*,#955,.T.);
#446=ORIENTED_EDGE('',*,*,#956,.T.);
#447=ORIENTED_EDGE('',*,*,#947,.T.);
#448=ORIENTED_EDGE('',*,*,#957,.T.);
#449=ORIENTED_EDGE('',*,*,#943,.T.);
#450=ORIENTED_EDGE('',*,*,#958,.T.);
#451=ORIENTED_EDGE('',*,*,#953,.F.);
#452=ORIENTED_EDGE('',*,*,#944,.F.);
#453=ORIENTED_EDGE('',*,*,#957,.F.);
#454=ORIENTED_EDGE('',*,*,#946,.F.);
#455=ORIENTED_EDGE('',*,*,#952,.F.);
#456=ORIENTED_EDGE('',*,*,#948,.F.);
#457=ORIENTED_EDGE('',*,*,#958,.F.);
#458=ORIENTED_EDGE('',*,*,#942,.F.);
#459=ORIENTED_EDGE('',*,*,#954,.F.);
#460=ORIENTED_EDGE('',*,*,#949,.F.);
#461=ORIENTED_EDGE('',*,*,#843,.F.);
#462=ORIENTED_EDGE('',*,*,#940,.F.);
#463=ORIENTED_EDGE('',*,*,#955,.F.);
#464=ORIENTED_EDGE('',*,*,#938,.F.);
#465=ORIENTED_EDGE('',*,*,#845,.F.);
#466=ORIENTED_EDGE('',*,*,#951,.F.);
#467=ORIENTED_EDGE('',*,*,#959,.T.);
#468=ORIENTED_EDGE('',*,*,#959,.F.);
#469=ORIENTED_EDGE('',*,*,#956,.F.);
#470=ORIENTED_EDGE('',*,*,#876,.F.);
#471=ORIENTED_EDGE('',*,*,#960,.T.);
#472=ORIENTED_EDGE('',*,*,#850,.F.);
#473=ORIENTED_EDGE('',*,*,#961,.T.);
#474=ORIENTED_EDGE('',*,*,#852,.F.);
#475=ORIENTED_EDGE('',*,*,#962,.T.);
#476=ORIENTED_EDGE('',*,*,#836,.F.);
#477=ORIENTED_EDGE('',*,*,#963,.T.);
#478=ORIENTED_EDGE('',*,*,#841,.F.);
#479=ORIENTED_EDGE('',*,*,#964,.T.);
#480=ORIENTED_EDGE('',*,*,#866,.F.);
#481=ORIENTED_EDGE('',*,*,#965,.T.);
#482=ORIENTED_EDGE('',*,*,#868,.F.);
#483=ORIENTED_EDGE('',*,*,#966,.T.);
#484=ORIENTED_EDGE('',*,*,#874,.F.);
#485=ORIENTED_EDGE('',*,*,#967,.T.);
#486=ORIENTED_EDGE('',*,*,#968,.F.);
#487=ORIENTED_EDGE('',*,*,#963,.F.);
#488=ORIENTED_EDGE('',*,*,#969,.F.);
#489=ORIENTED_EDGE('',*,*,#883,.F.);
#490=ORIENTED_EDGE('',*,*,#835,.F.);
#491=ORIENTED_EDGE('',*,*,#970,.T.);
#492=ORIENTED_EDGE('',*,*,#971,.F.);
#493=ORIENTED_EDGE('',*,*,#972,.T.);
#494=ORIENTED_EDGE('',*,*,#838,.F.);
#495=ORIENTED_EDGE('',*,*,#973,.F.);
#496=ORIENTED_EDGE('',*,*,#884,.F.);
#497=ORIENTED_EDGE('',*,*,#969,.T.);
#498=ORIENTED_EDGE('',*,*,#968,.T.);
#499=ORIENTED_EDGE('',*,*,#882,.F.);
#500=ORIENTED_EDGE('',*,*,#974,.F.);
#501=ORIENTED_EDGE('',*,*,#853,.F.);
#502=ORIENTED_EDGE('',*,*,#973,.T.);
#503=ORIENTED_EDGE('',*,*,#965,.F.);
#504=ORIENTED_EDGE('',*,*,#975,.F.);
#505=ORIENTED_EDGE('',*,*,#885,.F.);
#506=ORIENTED_EDGE('',*,*,#974,.T.);
#507=ORIENTED_EDGE('',*,*,#881,.F.);
#508=ORIENTED_EDGE('',*,*,#976,.F.);
#509=ORIENTED_EDGE('',*,*,#961,.F.);
#510=ORIENTED_EDGE('',*,*,#975,.T.);
#511=ORIENTED_EDGE('',*,*,#869,.F.);
#512=ORIENTED_EDGE('',*,*,#977,.F.);
#513=ORIENTED_EDGE('',*,*,#878,.F.);
#514=ORIENTED_EDGE('',*,*,#976,.T.);
#515=ORIENTED_EDGE('',*,*,#880,.F.);
#516=ORIENTED_EDGE('',*,*,#978,.F.);
#517=ORIENTED_EDGE('',*,*,#877,.F.);
#518=ORIENTED_EDGE('',*,*,#977,.T.);
#519=ORIENTED_EDGE('',*,*,#967,.F.);
#520=ORIENTED_EDGE('',*,*,#978,.T.);
#521=ORIENTED_EDGE('',*,*,#879,.F.);
#522=ORIENTED_EDGE('',*,*,#979,.F.);
#523=ORIENTED_EDGE('',*,*,#962,.F.);
#524=ORIENTED_EDGE('',*,*,#980,.F.);
#525=ORIENTED_EDGE('',*,*,#819,.F.);
#526=ORIENTED_EDGE('',*,*,#980,.T.);
#527=ORIENTED_EDGE('',*,*,#851,.F.);
#528=ORIENTED_EDGE('',*,*,#981,.F.);
#529=ORIENTED_EDGE('',*,*,#820,.F.);
#530=ORIENTED_EDGE('',*,*,#982,.F.);
#531=ORIENTED_EDGE('',*,*,#983,.T.);
#532=ORIENTED_EDGE('',*,*,#837,.F.);
#533=ORIENTED_EDGE('',*,*,#979,.T.);
#534=ORIENTED_EDGE('',*,*,#818,.F.);
#535=ORIENTED_EDGE('',*,*,#984,.F.);
#536=ORIENTED_EDGE('',*,*,#840,.F.);
#537=ORIENTED_EDGE('',*,*,#985,.T.);
#538=ORIENTED_EDGE('',*,*,#981,.T.);
#539=ORIENTED_EDGE('',*,*,#960,.F.);
#540=ORIENTED_EDGE('',*,*,#986,.F.);
#541=ORIENTED_EDGE('',*,*,#821,.F.);
#542=ORIENTED_EDGE('',*,*,#984,.T.);
#543=ORIENTED_EDGE('',*,*,#817,.F.);
#544=ORIENTED_EDGE('',*,*,#987,.F.);
#545=ORIENTED_EDGE('',*,*,#964,.F.);
#546=ORIENTED_EDGE('',*,*,#988,.T.);
#547=ORIENTED_EDGE('',*,*,#989,.T.);
#548=ORIENTED_EDGE('',*,*,#822,.F.);
#549=ORIENTED_EDGE('',*,*,#986,.T.);
#550=ORIENTED_EDGE('',*,*,#875,.F.);
#551=ORIENTED_EDGE('',*,*,#990,.F.);
#552=ORIENTED_EDGE('',*,*,#816,.F.);
#553=ORIENTED_EDGE('',*,*,#991,.T.);
#554=ORIENTED_EDGE('',*,*,#992,.T.);
#555=ORIENTED_EDGE('',*,*,#993,.F.);
#556=ORIENTED_EDGE('',*,*,#867,.F.);
#557=ORIENTED_EDGE('',*,*,#987,.T.);
#558=ORIENTED_EDGE('',*,*,#993,.T.);
#559=ORIENTED_EDGE('',*,*,#994,.T.);
#560=ORIENTED_EDGE('',*,*,#995,.T.);
#561=ORIENTED_EDGE('',*,*,#996,.T.);
#562=ORIENTED_EDGE('',*,*,#990,.T.);
#563=ORIENTED_EDGE('',*,*,#966,.F.);
#564=ORIENTED_EDGE('',*,*,#982,.T.);
#565=ORIENTED_EDGE('',*,*,#997,.T.);
#566=ORIENTED_EDGE('',*,*,#998,.F.);
#567=ORIENTED_EDGE('',*,*,#999,.T.);
#568=ORIENTED_EDGE('',*,*,#1000,.T.);
#569=ORIENTED_EDGE('',*,*,#1001,.T.);
#570=ORIENTED_EDGE('',*,*,#1002,.F.);
#571=ORIENTED_EDGE('',*,*,#1003,.T.);
#572=ORIENTED_EDGE('',*,*,#1004,.F.);
#573=ORIENTED_EDGE('',*,*,#1005,.T.);
#574=ORIENTED_EDGE('',*,*,#1006,.T.);
#575=ORIENTED_EDGE('',*,*,#1007,.T.);
#576=ORIENTED_EDGE('',*,*,#1008,.F.);
#577=ORIENTED_EDGE('',*,*,#1009,.T.);
#578=ORIENTED_EDGE('',*,*,#1010,.T.);
#579=ORIENTED_EDGE('',*,*,#1011,.T.);
#580=ORIENTED_EDGE('',*,*,#1012,.F.);
#581=ORIENTED_EDGE('',*,*,#1013,.T.);
#582=ORIENTED_EDGE('',*,*,#1014,.T.);
#583=ORIENTED_EDGE('',*,*,#1015,.T.);
#584=ORIENTED_EDGE('',*,*,#971,.T.);
#585=ORIENTED_EDGE('',*,*,#1016,.T.);
#586=ORIENTED_EDGE('',*,*,#1017,.F.);
#587=ORIENTED_EDGE('',*,*,#1018,.T.);
#588=ORIENTED_EDGE('',*,*,#1000,.F.);
#589=ORIENTED_EDGE('',*,*,#1019,.T.);
#590=ORIENTED_EDGE('',*,*,#1006,.F.);
#591=ORIENTED_EDGE('',*,*,#1020,.T.);
#592=ORIENTED_EDGE('',*,*,#1010,.F.);
#593=ORIENTED_EDGE('',*,*,#1021,.T.);
#594=ORIENTED_EDGE('',*,*,#1014,.F.);
#595=ORIENTED_EDGE('',*,*,#1022,.T.);
#596=ORIENTED_EDGE('',*,*,#1017,.T.);
#597=ORIENTED_EDGE('',*,*,#1023,.T.);
#598=ORIENTED_EDGE('',*,*,#998,.T.);
#599=ORIENTED_EDGE('',*,*,#1024,.T.);
#600=ORIENTED_EDGE('',*,*,#1025,.F.);
#601=ORIENTED_EDGE('',*,*,#1026,.T.);
#602=ORIENTED_EDGE('',*,*,#1012,.T.);
#603=ORIENTED_EDGE('',*,*,#1027,.T.);
#604=ORIENTED_EDGE('',*,*,#1028,.F.);
#605=ORIENTED_EDGE('',*,*,#1029,.T.);
#606=ORIENTED_EDGE('',*,*,#1004,.T.);
#607=ORIENTED_EDGE('',*,*,#1030,.T.);
#608=ORIENTED_EDGE('',*,*,#1031,.F.);
#609=ORIENTED_EDGE('',*,*,#1032,.T.);
#610=ORIENTED_EDGE('',*,*,#1033,.F.);
#611=ORIENTED_EDGE('',*,*,#1034,.T.);
#612=ORIENTED_EDGE('',*,*,#1002,.T.);
#613=ORIENTED_EDGE('',*,*,#1035,.T.);
#614=ORIENTED_EDGE('',*,*,#1025,.T.);
#615=ORIENTED_EDGE('',*,*,#1036,.T.);
#616=ORIENTED_EDGE('',*,*,#1008,.T.);
#617=ORIENTED_EDGE('',*,*,#1037,.T.);
#618=ORIENTED_EDGE('',*,*,#1028,.T.);
#619=ORIENTED_EDGE('',*,*,#1038,.T.);
#620=ORIENTED_EDGE('',*,*,#1019,.F.);
#621=ORIENTED_EDGE('',*,*,#1003,.F.);
#622=ORIENTED_EDGE('',*,*,#1038,.F.);
#623=ORIENTED_EDGE('',*,*,#1030,.F.);
#624=ORIENTED_EDGE('',*,*,#1007,.F.);
#625=ORIENTED_EDGE('',*,*,#1020,.F.);
#626=ORIENTED_EDGE('',*,*,#1005,.F.);
#627=ORIENTED_EDGE('',*,*,#1029,.F.);
#628=ORIENTED_EDGE('',*,*,#1037,.F.);
#629=ORIENTED_EDGE('',*,*,#1011,.F.);
#630=ORIENTED_EDGE('',*,*,#1021,.F.);
#631=ORIENTED_EDGE('',*,*,#1009,.F.);
#632=ORIENTED_EDGE('',*,*,#1036,.F.);
#633=ORIENTED_EDGE('',*,*,#1027,.F.);
#634=ORIENTED_EDGE('',*,*,#1015,.F.);
#635=ORIENTED_EDGE('',*,*,#1022,.F.);
#636=ORIENTED_EDGE('',*,*,#1013,.F.);
#637=ORIENTED_EDGE('',*,*,#1026,.F.);
#638=ORIENTED_EDGE('',*,*,#1035,.F.);
#639=ORIENTED_EDGE('',*,*,#1001,.F.);
#640=ORIENTED_EDGE('',*,*,#1023,.F.);
#641=ORIENTED_EDGE('',*,*,#1016,.F.);
#642=ORIENTED_EDGE('',*,*,#970,.F.);
#643=ORIENTED_EDGE('',*,*,#834,.F.);
#644=ORIENTED_EDGE('',*,*,#983,.F.);
#645=ORIENTED_EDGE('',*,*,#999,.F.);
#646=ORIENTED_EDGE('',*,*,#1024,.F.);
#647=ORIENTED_EDGE('',*,*,#997,.F.);
#648=ORIENTED_EDGE('',*,*,#985,.F.);
#649=ORIENTED_EDGE('',*,*,#839,.F.);
#650=ORIENTED_EDGE('',*,*,#972,.F.);
#651=ORIENTED_EDGE('',*,*,#1018,.F.);
#652=ORIENTED_EDGE('',*,*,#1031,.T.);
#653=ORIENTED_EDGE('',*,*,#1039,.T.);
#654=ORIENTED_EDGE('',*,*,#1040,.F.);
#655=ORIENTED_EDGE('',*,*,#1041,.T.);
#656=ORIENTED_EDGE('',*,*,#1033,.T.);
#657=ORIENTED_EDGE('',*,*,#1042,.T.);
#658=ORIENTED_EDGE('',*,*,#1043,.F.);
#659=ORIENTED_EDGE('',*,*,#1044,.T.);
#660=ORIENTED_EDGE('',*,*,#1045,.F.);
#661=ORIENTED_EDGE('',*,*,#1046,.F.);
#662=ORIENTED_EDGE('',*,*,#1047,.F.);
#663=ORIENTED_EDGE('',*,*,#1048,.F.);
#664=ORIENTED_EDGE('',*,*,#1043,.T.);
#665=ORIENTED_EDGE('',*,*,#1049,.T.);
#666=ORIENTED_EDGE('',*,*,#1040,.T.);
#667=ORIENTED_EDGE('',*,*,#1050,.T.);
#668=ORIENTED_EDGE('',*,*,#1049,.F.);
#669=ORIENTED_EDGE('',*,*,#1042,.F.);
#670=ORIENTED_EDGE('',*,*,#1032,.F.);
#671=ORIENTED_EDGE('',*,*,#1041,.F.);
#672=ORIENTED_EDGE('',*,*,#1050,.F.);
#673=ORIENTED_EDGE('',*,*,#1039,.F.);
#674=ORIENTED_EDGE('',*,*,#1034,.F.);
#675=ORIENTED_EDGE('',*,*,#1044,.F.);
#676=ORIENTED_EDGE('',*,*,#1045,.T.);
#677=ORIENTED_EDGE('',*,*,#1051,.F.);
#678=ORIENTED_EDGE('',*,*,#826,.F.);
#679=ORIENTED_EDGE('',*,*,#1052,.T.);
#680=ORIENTED_EDGE('',*,*,#1048,.T.);
#681=ORIENTED_EDGE('',*,*,#1053,.F.);
#682=ORIENTED_EDGE('',*,*,#827,.F.);
#683=ORIENTED_EDGE('',*,*,#1051,.T.);
#684=ORIENTED_EDGE('',*,*,#1047,.T.);
#685=ORIENTED_EDGE('',*,*,#1054,.F.);
#686=ORIENTED_EDGE('',*,*,#828,.F.);
#687=ORIENTED_EDGE('',*,*,#1053,.T.);
#688=ORIENTED_EDGE('',*,*,#1046,.T.);
#689=ORIENTED_EDGE('',*,*,#1052,.F.);
#690=ORIENTED_EDGE('',*,*,#829,.F.);
#691=ORIENTED_EDGE('',*,*,#1054,.T.);
#692=ORIENTED_EDGE('',*,*,#831,.T.);
#693=ORIENTED_EDGE('',*,*,#1055,.F.);
#694=ORIENTED_EDGE('',*,*,#1056,.F.);
#695=ORIENTED_EDGE('',*,*,#1057,.T.);
#696=ORIENTED_EDGE('',*,*,#830,.T.);
#697=ORIENTED_EDGE('',*,*,#1058,.F.);
#698=ORIENTED_EDGE('',*,*,#1059,.F.);
#699=ORIENTED_EDGE('',*,*,#1055,.T.);
#700=ORIENTED_EDGE('',*,*,#833,.T.);
#701=ORIENTED_EDGE('',*,*,#1060,.F.);
#702=ORIENTED_EDGE('',*,*,#1061,.F.);
#703=ORIENTED_EDGE('',*,*,#1058,.T.);
#704=ORIENTED_EDGE('',*,*,#832,.T.);
#705=ORIENTED_EDGE('',*,*,#1057,.F.);
#706=ORIENTED_EDGE('',*,*,#1062,.F.);
#707=ORIENTED_EDGE('',*,*,#1060,.T.);
#708=ORIENTED_EDGE('',*,*,#1056,.T.);
#709=ORIENTED_EDGE('',*,*,#1059,.T.);
#710=ORIENTED_EDGE('',*,*,#1061,.T.);
#711=ORIENTED_EDGE('',*,*,#1062,.T.);
#712=ORIENTED_EDGE('',*,*,#1063,.F.);
#713=ORIENTED_EDGE('',*,*,#1064,.T.);
#714=ORIENTED_EDGE('',*,*,#1065,.T.);
#715=ORIENTED_EDGE('',*,*,#1066,.F.);
#716=ORIENTED_EDGE('',*,*,#1067,.T.);
#717=ORIENTED_EDGE('',*,*,#1068,.F.);
#718=ORIENTED_EDGE('',*,*,#1069,.F.);
#719=ORIENTED_EDGE('',*,*,#1070,.T.);
#720=ORIENTED_EDGE('',*,*,#1071,.T.);
#721=ORIENTED_EDGE('',*,*,#1066,.T.);
#722=ORIENTED_EDGE('',*,*,#1072,.F.);
#723=ORIENTED_EDGE('',*,*,#1073,.F.);
#724=ORIENTED_EDGE('',*,*,#1074,.T.);
#725=ORIENTED_EDGE('',*,*,#1069,.T.);
#726=ORIENTED_EDGE('',*,*,#1075,.F.);
#727=ORIENTED_EDGE('',*,*,#1065,.F.);
#728=ORIENTED_EDGE('',*,*,#1076,.T.);
#729=ORIENTED_EDGE('',*,*,#1077,.T.);
#730=ORIENTED_EDGE('',*,*,#1073,.T.);
#731=ORIENTED_EDGE('',*,*,#1078,.F.);
#732=ORIENTED_EDGE('',*,*,#1079,.T.);
#733=ORIENTED_EDGE('',*,*,#1080,.T.);
#734=ORIENTED_EDGE('',*,*,#1081,.F.);
#735=ORIENTED_EDGE('',*,*,#1082,.F.);
#736=ORIENTED_EDGE('',*,*,#1083,.F.);
#737=ORIENTED_EDGE('',*,*,#1084,.T.);
#738=ORIENTED_EDGE('',*,*,#1085,.T.);
#739=ORIENTED_EDGE('',*,*,#1086,.T.);
#740=ORIENTED_EDGE('',*,*,#1063,.T.);
#741=ORIENTED_EDGE('',*,*,#1078,.T.);
#742=ORIENTED_EDGE('',*,*,#1075,.T.);
#743=ORIENTED_EDGE('',*,*,#1072,.T.);
#744=ORIENTED_EDGE('',*,*,#1068,.T.);
#745=ORIENTED_EDGE('',*,*,#1087,.T.);
#746=ORIENTED_EDGE('',*,*,#1088,.T.);
#747=ORIENTED_EDGE('',*,*,#1089,.F.);
#748=ORIENTED_EDGE('',*,*,#996,.F.);
#749=ORIENTED_EDGE('',*,*,#1090,.F.);
#750=ORIENTED_EDGE('',*,*,#1077,.F.);
#751=ORIENTED_EDGE('',*,*,#1090,.T.);
#752=ORIENTED_EDGE('',*,*,#995,.F.);
#753=ORIENTED_EDGE('',*,*,#1091,.F.);
#754=ORIENTED_EDGE('',*,*,#1074,.F.);
#755=ORIENTED_EDGE('',*,*,#1089,.T.);
#756=ORIENTED_EDGE('',*,*,#1076,.F.);
#757=ORIENTED_EDGE('',*,*,#1092,.F.);
#758=ORIENTED_EDGE('',*,*,#988,.F.);
#759=ORIENTED_EDGE('',*,*,#1091,.T.);
#760=ORIENTED_EDGE('',*,*,#994,.F.);
#761=ORIENTED_EDGE('',*,*,#1093,.F.);
#762=ORIENTED_EDGE('',*,*,#1070,.F.);
#763=ORIENTED_EDGE('',*,*,#1092,.T.);
#764=ORIENTED_EDGE('',*,*,#1064,.F.);
#765=ORIENTED_EDGE('',*,*,#1094,.F.);
#766=ORIENTED_EDGE('',*,*,#989,.F.);
#767=ORIENTED_EDGE('',*,*,#1093,.T.);
#768=ORIENTED_EDGE('',*,*,#992,.F.);
#769=ORIENTED_EDGE('',*,*,#1095,.F.);
#770=ORIENTED_EDGE('',*,*,#1071,.F.);
#771=ORIENTED_EDGE('',*,*,#1094,.T.);
#772=ORIENTED_EDGE('',*,*,#1086,.F.);
#773=ORIENTED_EDGE('',*,*,#1096,.F.);
#774=ORIENTED_EDGE('',*,*,#823,.F.);
#775=ORIENTED_EDGE('',*,*,#1095,.T.);
#776=ORIENTED_EDGE('',*,*,#991,.F.);
#777=ORIENTED_EDGE('',*,*,#1097,.F.);
#778=ORIENTED_EDGE('',*,*,#1067,.F.);
#779=ORIENTED_EDGE('',*,*,#1096,.T.);
#780=ORIENTED_EDGE('',*,*,#1085,.F.);
#781=ORIENTED_EDGE('',*,*,#1098,.F.);
#782=ORIENTED_EDGE('',*,*,#824,.F.);
#783=ORIENTED_EDGE('',*,*,#1097,.T.);
#784=ORIENTED_EDGE('',*,*,#815,.F.);
#785=ORIENTED_EDGE('',*,*,#1099,.F.);
#786=ORIENTED_EDGE('',*,*,#1087,.F.);
#787=ORIENTED_EDGE('',*,*,#1098,.T.);
#788=ORIENTED_EDGE('',*,*,#1084,.F.);
#789=ORIENTED_EDGE('',*,*,#1100,.F.);
#790=ORIENTED_EDGE('',*,*,#825,.F.);
#791=ORIENTED_EDGE('',*,*,#1099,.T.);
#792=ORIENTED_EDGE('',*,*,#814,.F.);
#793=ORIENTED_EDGE('',*,*,#1100,.T.);
#794=ORIENTED_EDGE('',*,*,#1088,.F.);
#795=ORIENTED_EDGE('',*,*,#1101,.T.);
#796=ORIENTED_EDGE('',*,*,#1083,.T.);
#797=ORIENTED_EDGE('',*,*,#1101,.F.);
#798=ORIENTED_EDGE('',*,*,#1102,.T.);
#799=ORIENTED_EDGE('',*,*,#1082,.T.);
#800=ORIENTED_EDGE('',*,*,#1102,.F.);
#801=ORIENTED_EDGE('',*,*,#1103,.T.);
#802=ORIENTED_EDGE('',*,*,#1081,.T.);
#803=ORIENTED_EDGE('',*,*,#1103,.F.);
#804=ORIENTED_EDGE('',*,*,#1104,.F.);
#805=ORIENTED_EDGE('',*,*,#1105,.T.);
#806=ORIENTED_EDGE('',*,*,#1106,.T.);
#807=ORIENTED_EDGE('',*,*,#1080,.F.);
#808=ORIENTED_EDGE('',*,*,#1104,.T.);
#809=ORIENTED_EDGE('',*,*,#1106,.F.);
#810=ORIENTED_EDGE('',*,*,#1105,.F.);
#811=ORIENTED_EDGE('',*,*,#1107,.T.);
#812=ORIENTED_EDGE('',*,*,#1107,.F.);
#813=ORIENTED_EDGE('',*,*,#1079,.F.);
#814=EDGE_CURVE('',#1108,#1109,#1300,.F.);
#815=EDGE_CURVE('',#1109,#1110,#108,.T.);
#816=EDGE_CURVE('',#1110,#1111,#1301,.F.);
#817=EDGE_CURVE('',#1111,#1112,#109,.F.);
#818=EDGE_CURVE('',#1112,#1113,#1302,.F.);
#819=EDGE_CURVE('',#1113,#1114,#110,.F.);
#820=EDGE_CURVE('',#1114,#1115,#1303,.F.);
#821=EDGE_CURVE('',#1115,#1116,#111,.F.);
#822=EDGE_CURVE('',#1116,#1117,#1304,.F.);
#823=EDGE_CURVE('',#1117,#1118,#112,.T.);
#824=EDGE_CURVE('',#1118,#1119,#1305,.F.);
#825=EDGE_CURVE('',#1119,#1108,#113,.T.);
#826=EDGE_CURVE('',#1120,#1121,#114,.T.);
#827=EDGE_CURVE('',#1121,#1122,#1306,.T.);
#828=EDGE_CURVE('',#1122,#1123,#115,.T.);
#829=EDGE_CURVE('',#1123,#1120,#1307,.T.);
#830=EDGE_CURVE('',#1124,#1125,#1308,.T.);
#831=EDGE_CURVE('',#1126,#1124,#1309,.T.);
#832=EDGE_CURVE('',#1127,#1126,#1310,.T.);
#833=EDGE_CURVE('',#1125,#1127,#1311,.T.);
#834=EDGE_CURVE('',#1128,#1129,#116,.T.);
#835=EDGE_CURVE('',#1129,#1130,#1312,.F.);
#836=EDGE_CURVE('',#1130,#1131,#1313,.T.);
#837=EDGE_CURVE('',#1131,#1128,#1314,.T.);
#838=EDGE_CURVE('',#1132,#1133,#1315,.F.);
#839=EDGE_CURVE('',#1133,#1134,#117,.T.);
#840=EDGE_CURVE('',#1134,#1135,#1316,.T.);
#841=EDGE_CURVE('',#1135,#1132,#1317,.F.);
#842=EDGE_CURVE('',#1136,#1137,#1318,.T.);
#843=EDGE_CURVE('',#1136,#1138,#118,.T.);
#844=EDGE_CURVE('',#1139,#1138,#1319,.T.);
#845=EDGE_CURVE('',#1139,#1137,#119,.T.);
#846=EDGE_CURVE('',#1140,#1141,#120,.T.);
#847=EDGE_CURVE('',#1142,#1141,#1320,.T.);
#848=EDGE_CURVE('',#1142,#1143,#121,.T.);
#849=EDGE_CURVE('',#1140,#1143,#1321,.T.);
#850=EDGE_CURVE('',#1144,#1145,#1322,.T.);
#851=EDGE_CURVE('',#1145,#1146,#1323,.T.);
#852=EDGE_CURVE('',#1146,#1147,#1324,.F.);
#853=EDGE_CURVE('',#1147,#1144,#1325,.F.);
#854=EDGE_CURVE('',#1148,#1149,#122,.T.);
#855=EDGE_CURVE('',#1150,#1149,#1326,.T.);
#856=EDGE_CURVE('',#1150,#1151,#123,.T.);
#857=EDGE_CURVE('',#1148,#1151,#1327,.T.);
#858=EDGE_CURVE('',#1152,#1153,#1328,.T.);
#859=EDGE_CURVE('',#1152,#1154,#124,.T.);
#860=EDGE_CURVE('',#1155,#1154,#1329,.T.);
#861=EDGE_CURVE('',#1155,#1153,#125,.T.);
#862=EDGE_CURVE('',#1156,#1157,#1330,.T.);
#863=EDGE_CURVE('',#1156,#1158,#126,.T.);
#864=EDGE_CURVE('',#1159,#1158,#1331,.T.);
#865=EDGE_CURVE('',#1159,#1157,#127,.T.);
#866=EDGE_CURVE('',#1160,#1161,#1332,.T.);
#867=EDGE_CURVE('',#1161,#1162,#1333,.T.);
#868=EDGE_CURVE('',#1162,#1163,#1334,.F.);
#869=EDGE_CURVE('',#1163,#1160,#1335,.F.);
#870=EDGE_CURVE('',#1164,#1165,#128,.T.);
#871=EDGE_CURVE('',#1166,#1165,#1336,.T.);
#872=EDGE_CURVE('',#1166,#1167,#129,.T.);
#873=EDGE_CURVE('',#1164,#1167,#1337,.T.);
#874=EDGE_CURVE('',#1168,#1169,#1338,.T.);
#875=EDGE_CURVE('',#1169,#1170,#1339,.T.);
#876=EDGE_CURVE('',#1170,#1171,#1340,.F.);
#877=EDGE_CURVE('',#1171,#1168,#1341,.F.);
#878=EDGE_CURVE('',#1172,#1173,#1342,.T.);
#879=EDGE_CURVE('',#1173,#1174,#130,.T.);
#880=EDGE_CURVE('',#1174,#1175,#1343,.T.);
#881=EDGE_CURVE('',#1175,#1176,#131,.T.);
#882=EDGE_CURVE('',#1176,#1177,#1344,.T.);
#883=EDGE_CURVE('',#1177,#1178,#132,.T.);
#884=EDGE_CURVE('',#1178,#1179,#1345,.T.);
#885=EDGE_CURVE('',#1179,#1172,#133,.T.);
#886=EDGE_CURVE('',#1167,#1180,#1346,.F.);
#887=EDGE_CURVE('',#1181,#1180,#1347,.T.);
#888=EDGE_CURVE('',#1181,#1164,#1348,.T.);
#889=EDGE_CURVE('',#1165,#1182,#1349,.F.);
#890=EDGE_CURVE('',#1183,#1182,#1350,.T.);
#891=EDGE_CURVE('',#1183,#1166,#1351,.T.);
#892=EDGE_CURVE('',#1182,#1181,#134,.T.);
#893=EDGE_CURVE('',#1180,#1183,#135,.T.);
#894=EDGE_CURVE('',#1184,#1185,#1352,.T.);
#895=EDGE_CURVE('',#1184,#1156,#1353,.T.);
#896=EDGE_CURVE('',#1157,#1185,#1354,.F.);
#897=EDGE_CURVE('',#1186,#1187,#1355,.T.);
#898=EDGE_CURVE('',#1186,#1188,#1356,.F.);
#899=EDGE_CURVE('',#1188,#1189,#1357,.T.);
#900=EDGE_CURVE('',#1189,#1187,#1358,.T.);
#901=EDGE_CURVE('',#1190,#1191,#1359,.T.);
#902=EDGE_CURVE('',#1190,#1192,#1360,.F.);
#903=EDGE_CURVE('',#1192,#1193,#1361,.T.);
#904=EDGE_CURVE('',#1193,#1191,#1362,.T.);
#905=EDGE_CURVE('',#1194,#1195,#1363,.T.);
#906=EDGE_CURVE('',#1194,#1159,#1364,.T.);
#907=EDGE_CURVE('',#1158,#1195,#1365,.F.);
#908=EDGE_CURVE('',#1192,#1189,#136,.F.);
#909=EDGE_CURVE('',#1188,#1193,#137,.F.);
#910=EDGE_CURVE('',#1185,#1194,#138,.T.);
#911=EDGE_CURVE('',#1195,#1184,#139,.T.);
#912=EDGE_CURVE('',#1187,#1190,#140,.F.);
#913=EDGE_CURVE('',#1191,#1186,#141,.F.);
#914=EDGE_CURVE('',#1151,#1196,#1366,.F.);
#915=EDGE_CURVE('',#1197,#1196,#1367,.T.);
#916=EDGE_CURVE('',#1197,#1148,#1368,.T.);
#917=EDGE_CURVE('',#1198,#1199,#1369,.T.);
#918=EDGE_CURVE('',#1198,#1150,#1370,.T.);
#919=EDGE_CURVE('',#1149,#1199,#1371,.F.);
#920=EDGE_CURVE('',#1196,#1198,#142,.T.);
#921=EDGE_CURVE('',#1199,#1197,#143,.T.);
#922=EDGE_CURVE('',#1143,#1200,#1372,.F.);
#923=EDGE_CURVE('',#1201,#1200,#1373,.T.);
#924=EDGE_CURVE('',#1201,#1140,#1374,.T.);
#925=EDGE_CURVE('',#1202,#1203,#1375,.T.);
#926=EDGE_CURVE('',#1202,#1142,#1376,.T.);
#927=EDGE_CURVE('',#1141,#1203,#1377,.F.);
#928=EDGE_CURVE('',#1200,#1202,#144,.T.);
#929=EDGE_CURVE('',#1203,#1201,#145,.T.);
#930=EDGE_CURVE('',#1204,#1205,#1378,.T.);
#931=EDGE_CURVE('',#1204,#1152,#1379,.T.);
#932=EDGE_CURVE('',#1153,#1205,#1380,.F.);
#933=EDGE_CURVE('',#1206,#1207,#1381,.T.);
#934=EDGE_CURVE('',#1206,#1155,#1382,.T.);
#935=EDGE_CURVE('',#1154,#1207,#1383,.F.);
#936=EDGE_CURVE('',#1205,#1206,#146,.T.);
#937=EDGE_CURVE('',#1207,#1204,#147,.T.);
#938=EDGE_CURVE('',#1137,#1208,#1384,.F.);
#939=EDGE_CURVE('',#1209,#1208,#1385,.T.);
#940=EDGE_CURVE('',#1209,#1136,#1386,.T.);
#941=EDGE_CURVE('',#1210,#1211,#1387,.T.);
#942=EDGE_CURVE('',#1211,#1212,#1388,.T.);
#943=EDGE_CURVE('',#1213,#1212,#1389,.T.);
#944=EDGE_CURVE('',#1213,#1210,#1390,.F.);
#945=EDGE_CURVE('',#1214,#1215,#1391,.T.);
#946=EDGE_CURVE('',#1215,#1216,#1392,.T.);
#947=EDGE_CURVE('',#1217,#1216,#1393,.T.);
#948=EDGE_CURVE('',#1217,#1214,#1394,.F.);
#949=EDGE_CURVE('',#1138,#1218,#1395,.F.);
#950=EDGE_CURVE('',#1219,#1218,#1396,.T.);
#951=EDGE_CURVE('',#1219,#1139,#1397,.T.);
#952=EDGE_CURVE('',#1214,#1211,#148,.F.);
#953=EDGE_CURVE('',#1210,#1215,#149,.F.);
#954=EDGE_CURVE('',#1218,#1209,#150,.T.);
#955=EDGE_CURVE('',#1208,#1219,#151,.T.);
#956=EDGE_CURVE('',#1220,#1220,#152,.T.);
#957=EDGE_CURVE('',#1216,#1213,#153,.F.);
#958=EDGE_CURVE('',#1212,#1217,#154,.F.);
#959=EDGE_CURVE('',#1221,#1221,#155,.T.);
#960=EDGE_CURVE('',#1170,#1145,#156,.T.);
#961=EDGE_CURVE('',#1144,#1171,#157,.F.);
#962=EDGE_CURVE('',#1146,#1131,#158,.T.);
#963=EDGE_CURVE('',#1130,#1147,#159,.F.);
#964=EDGE_CURVE('',#1135,#1161,#160,.T.);
#965=EDGE_CURVE('',#1160,#1132,#161,.F.);
#966=EDGE_CURVE('',#1162,#1169,#162,.T.);
#967=EDGE_CURVE('',#1168,#1163,#163,.F.);
#968=EDGE_CURVE('',#1147,#1177,#164,.T.);
#969=EDGE_CURVE('',#1178,#1130,#165,.T.);
#970=EDGE_CURVE('',#1129,#1222,#25,.T.);
#971=EDGE_CURVE('',#1223,#1222,#1398,.T.);
#972=EDGE_CURVE('',#1223,#1133,#26,.T.);
#973=EDGE_CURVE('',#1179,#1132,#166,.T.);
#974=EDGE_CURVE('',#1144,#1176,#167,.T.);
#975=EDGE_CURVE('',#1172,#1160,#168,.T.);
#976=EDGE_CURVE('',#1171,#1175,#169,.T.);
#977=EDGE_CURVE('',#1173,#1163,#170,.T.);
#978=EDGE_CURVE('',#1168,#1174,#171,.T.);
#979=EDGE_CURVE('',#1131,#1113,#172,.T.);
#980=EDGE_CURVE('',#1114,#1146,#173,.T.);
#981=EDGE_CURVE('',#1115,#1145,#174,.T.);
#982=EDGE_CURVE('',#1224,#1225,#1399,.T.);
#983=EDGE_CURVE('',#1224,#1128,#27,.T.);
#984=EDGE_CURVE('',#1135,#1112,#175,.T.);
#985=EDGE_CURVE('',#1134,#1225,#28,.T.);
#986=EDGE_CURVE('',#1116,#1170,#176,.T.);
#987=EDGE_CURVE('',#1161,#1111,#177,.T.);
#988=EDGE_CURVE('',#1226,#1227,#1400,.T.);
#989=EDGE_CURVE('',#1227,#1117,#29,.T.);
#990=EDGE_CURVE('',#1226,#1169,#178,.T.);
#991=EDGE_CURVE('',#1110,#1228,#30,.T.);
#992=EDGE_CURVE('',#1228,#1229,#1401,.T.);
#993=EDGE_CURVE('',#1162,#1229,#179,.T.);
#994=EDGE_CURVE('',#1229,#1230,#31,.T.);
#995=EDGE_CURVE('',#1230,#1231,#32,.T.);
#996=EDGE_CURVE('',#1231,#1226,#33,.T.);
#997=EDGE_CURVE('',#1225,#1232,#1402,.F.);
#998=EDGE_CURVE('',#1233,#1232,#1403,.T.);
#999=EDGE_CURVE('',#1233,#1224,#1404,.T.);
#1000=EDGE_CURVE('',#1234,#1235,#1405,.T.);
#1001=EDGE_CURVE('',#1235,#1236,#1406,.T.);
#1002=EDGE_CURVE('',#1237,#1236,#1407,.T.);
#1003=EDGE_CURVE('',#1237,#1234,#1408,.F.);
#1004=EDGE_CURVE('',#1238,#1239,#1409,.T.);
#1005=EDGE_CURVE('',#1238,#1240,#1410,.F.);
#1006=EDGE_CURVE('',#1240,#1241,#1411,.T.);
#1007=EDGE_CURVE('',#1241,#1239,#1412,.T.);
#1008=EDGE_CURVE('',#1242,#1243,#1413,.T.);
#1009=EDGE_CURVE('',#1242,#1244,#1414,.F.);
#1010=EDGE_CURVE('',#1244,#1245,#1415,.T.);
#1011=EDGE_CURVE('',#1245,#1243,#1416,.T.);
#1012=EDGE_CURVE('',#1246,#1247,#1417,.T.);
#1013=EDGE_CURVE('',#1246,#1248,#1418,.F.);
#1014=EDGE_CURVE('',#1248,#1249,#1419,.T.);
#1015=EDGE_CURVE('',#1249,#1247,#1420,.T.);
#1016=EDGE_CURVE('',#1222,#1250,#1421,.F.);
#1017=EDGE_CURVE('',#1251,#1250,#1422,.T.);
#1018=EDGE_CURVE('',#1251,#1223,#1423,.T.);
#1019=EDGE_CURVE('',#1234,#1241,#180,.F.);
#1020=EDGE_CURVE('',#1240,#1245,#181,.F.);
#1021=EDGE_CURVE('',#1244,#1249,#182,.F.);
#1022=EDGE_CURVE('',#1248,#1235,#183,.F.);
#1023=EDGE_CURVE('',#1250,#1233,#184,.T.);
#1024=EDGE_CURVE('',#1232,#1251,#185,.T.);
#1025=EDGE_CURVE('',#1252,#1253,#1424,.T.);
#1026=EDGE_CURVE('',#1252,#1246,#34,.T.);
#1027=EDGE_CURVE('',#1247,#1253,#35,.T.);
#1028=EDGE_CURVE('',#1254,#1255,#1425,.F.);
#1029=EDGE_CURVE('',#1254,#1238,#36,.T.);
#1030=EDGE_CURVE('',#1239,#1255,#37,.T.);
#1031=EDGE_CURVE('',#1256,#1257,#1426,.T.);
#1032=EDGE_CURVE('',#1256,#1258,#186,.T.);
#1033=EDGE_CURVE('',#1259,#1258,#1427,.T.);
#1034=EDGE_CURVE('',#1259,#1257,#187,.T.);
#1035=EDGE_CURVE('',#1236,#1252,#188,.F.);
#1036=EDGE_CURVE('',#1253,#1242,#189,.F.);
#1037=EDGE_CURVE('',#1243,#1254,#190,.F.);
#1038=EDGE_CURVE('',#1255,#1237,#191,.F.);
#1039=EDGE_CURVE('',#1257,#1260,#1428,.F.);
#1040=EDGE_CURVE('',#1261,#1260,#1429,.T.);
#1041=EDGE_CURVE('',#1261,#1256,#1430,.T.);
#1042=EDGE_CURVE('',#1258,#1262,#1431,.F.);
#1043=EDGE_CURVE('',#1263,#1262,#1432,.T.);
#1044=EDGE_CURVE('',#1263,#1259,#1433,.T.);
#1045=EDGE_CURVE('',#1264,#1265,#192,.T.);
#1046=EDGE_CURVE('',#1266,#1264,#1434,.T.);
#1047=EDGE_CURVE('',#1267,#1266,#193,.T.);
#1048=EDGE_CURVE('',#1265,#1267,#1435,.T.);
#1049=EDGE_CURVE('',#1262,#1261,#194,.T.);
#1050=EDGE_CURVE('',#1260,#1263,#195,.T.);
#1051=EDGE_CURVE('',#1121,#1265,#1436,.T.);
#1052=EDGE_CURVE('',#1120,#1264,#1437,.T.);
#1053=EDGE_CURVE('',#1122,#1267,#1438,.T.);
#1054=EDGE_CURVE('',#1123,#1266,#1439,.T.);
#1055=EDGE_CURVE('',#1268,#1124,#1440,.T.);
#1056=EDGE_CURVE('',#1269,#1268,#1441,.T.);
#1057=EDGE_CURVE('',#1269,#1126,#1442,.T.);
#1058=EDGE_CURVE('',#1270,#1125,#1443,.T.);
#1059=EDGE_CURVE('',#1268,#1270,#1444,.T.);
#1060=EDGE_CURVE('',#1271,#1127,#1445,.T.);
#1061=EDGE_CURVE('',#1270,#1271,#1446,.T.);
#1062=EDGE_CURVE('',#1271,#1269,#1447,.T.);
#1063=EDGE_CURVE('',#1272,#1273,#196,.T.);
#1064=EDGE_CURVE('',#1272,#1274,#38,.T.);
#1065=EDGE_CURVE('',#1274,#1273,#1448,.T.);
#1066=EDGE_CURVE('',#1275,#1276,#1449,.T.);
#1067=EDGE_CURVE('',#1275,#1277,#39,.T.);
#1068=EDGE_CURVE('',#1276,#1277,#197,.T.);
#1069=EDGE_CURVE('',#1278,#1279,#1450,.T.);
#1070=EDGE_CURVE('',#1278,#1280,#40,.T.);
#1071=EDGE_CURVE('',#1280,#1275,#1451,.T.);
#1072=EDGE_CURVE('',#1279,#1276,#1452,.T.);
#1073=EDGE_CURVE('',#1281,#1282,#1453,.T.);
#1074=EDGE_CURVE('',#1281,#1278,#41,.T.);
#1075=EDGE_CURVE('',#1282,#1279,#198,.T.);
#1076=EDGE_CURVE('',#1274,#1283,#1454,.T.);
#1077=EDGE_CURVE('',#1283,#1281,#42,.T.);
#1078=EDGE_CURVE('',#1273,#1282,#1455,.T.);
#1079=EDGE_CURVE('',#1284,#1284,#199,.T.);
#1080=EDGE_CURVE('',#1285,#1285,#200,.T.);
#1081=EDGE_CURVE('',#1286,#1286,#201,.T.);
#1082=EDGE_CURVE('',#1287,#1287,#202,.T.);
#1083=EDGE_CURVE('',#1288,#1288,#203,.T.);
#1084=EDGE_CURVE('',#1289,#1290,#204,.T.);
#1085=EDGE_CURVE('',#1290,#1291,#1456,.T.);
#1086=EDGE_CURVE('',#1291,#1272,#205,.T.);
#1087=EDGE_CURVE('',#1277,#1292,#206,.T.);
#1088=EDGE_CURVE('',#1292,#1289,#1457,.T.);
#1089=EDGE_CURVE('',#1226,#1283,#207,.T.);
#1090=EDGE_CURVE('',#1281,#1231,#208,.T.);
#1091=EDGE_CURVE('',#1278,#1230,#209,.T.);
#1092=EDGE_CURVE('',#1227,#1274,#210,.T.);
#1093=EDGE_CURVE('',#1280,#1229,#211,.T.);
#1094=EDGE_CURVE('',#1117,#1272,#212,.T.);
#1095=EDGE_CURVE('',#1275,#1228,#213,.T.);
#1096=EDGE_CURVE('',#1118,#1291,#214,.T.);
#1097=EDGE_CURVE('',#1277,#1110,#215,.T.);
#1098=EDGE_CURVE('',#1119,#1290,#216,.T.);
#1099=EDGE_CURVE('',#1292,#1109,#217,.T.);
#1100=EDGE_CURVE('',#1108,#1289,#218,.T.);
#1101=EDGE_CURVE('',#1293,#1293,#219,.T.);
#1102=EDGE_CURVE('',#1294,#1294,#220,.T.);
#1103=EDGE_CURVE('',#1295,#1295,#221,.T.);
#1104=EDGE_CURVE('',#1296,#1296,#222,.T.);
#1105=EDGE_CURVE('',#1297,#1297,#223,.T.);
#1106=EDGE_CURVE('',#1298,#1298,#224,.T.);
#1107=EDGE_CURVE('',#1299,#1299,#225,.T.);
#1108=VERTEX_POINT('',#3929);
#1109=VERTEX_POINT('',#3930);
#1110=VERTEX_POINT('',#3932);
#1111=VERTEX_POINT('',#3934);
#1112=VERTEX_POINT('',#3936);
#1113=VERTEX_POINT('',#3938);
#1114=VERTEX_POINT('',#3940);
#1115=VERTEX_POINT('',#3942);
#1116=VERTEX_POINT('',#3944);
#1117=VERTEX_POINT('',#3946);
#1118=VERTEX_POINT('',#3948);
#1119=VERTEX_POINT('',#3950);
#1120=VERTEX_POINT('',#3954);
#1121=VERTEX_POINT('',#3955);
#1122=VERTEX_POINT('',#3957);
#1123=VERTEX_POINT('',#3959);
#1124=VERTEX_POINT('',#3962);
#1125=VERTEX_POINT('',#3963);
#1126=VERTEX_POINT('',#3965);
#1127=VERTEX_POINT('',#3967);
#1128=VERTEX_POINT('',#3971);
#1129=VERTEX_POINT('',#3972);
#1130=VERTEX_POINT('',#3974);
#1131=VERTEX_POINT('',#3976);
#1132=VERTEX_POINT('',#3980);
#1133=VERTEX_POINT('',#3981);
#1134=VERTEX_POINT('',#3983);
#1135=VERTEX_POINT('',#3985);
#1136=VERTEX_POINT('',#3989);
#1137=VERTEX_POINT('',#3990);
#1138=VERTEX_POINT('',#3992);
#1139=VERTEX_POINT('',#3994);
#1140=VERTEX_POINT('',#3997);
#1141=VERTEX_POINT('',#3998);
#1142=VERTEX_POINT('',#4000);
#1143=VERTEX_POINT('',#4002);
#1144=VERTEX_POINT('',#4005);
#1145=VERTEX_POINT('',#4006);
#1146=VERTEX_POINT('',#4008);
#1147=VERTEX_POINT('',#4010);
#1148=VERTEX_POINT('',#4013);
#1149=VERTEX_POINT('',#4014);
#1150=VERTEX_POINT('',#4016);
#1151=VERTEX_POINT('',#4018);
#1152=VERTEX_POINT('',#4021);
#1153=VERTEX_POINT('',#4022);
#1154=VERTEX_POINT('',#4024);
#1155=VERTEX_POINT('',#4026);
#1156=VERTEX_POINT('',#4030);
#1157=VERTEX_POINT('',#4031);
#1158=VERTEX_POINT('',#4033);
#1159=VERTEX_POINT('',#4035);
#1160=VERTEX_POINT('',#4038);
#1161=VERTEX_POINT('',#4039);
#1162=VERTEX_POINT('',#4041);
#1163=VERTEX_POINT('',#4043);
#1164=VERTEX_POINT('',#4046);
#1165=VERTEX_POINT('',#4047);
#1166=VERTEX_POINT('',#4049);
#1167=VERTEX_POINT('',#4051);
#1168=VERTEX_POINT('',#4055);
#1169=VERTEX_POINT('',#4056);
#1170=VERTEX_POINT('',#4058);
#1171=VERTEX_POINT('',#4060);
#1172=VERTEX_POINT('',#4064);
#1173=VERTEX_POINT('',#4065);
#1174=VERTEX_POINT('',#4067);
#1175=VERTEX_POINT('',#4069);
#1176=VERTEX_POINT('',#4071);
#1177=VERTEX_POINT('',#4073);
#1178=VERTEX_POINT('',#4075);
#1179=VERTEX_POINT('',#4077);
#1180=VERTEX_POINT('',#4081);
#1181=VERTEX_POINT('',#4083);
#1182=VERTEX_POINT('',#4087);
#1183=VERTEX_POINT('',#4089);
#1184=VERTEX_POINT('',#4098);
#1185=VERTEX_POINT('',#4099);
#1186=VERTEX_POINT('',#4104);
#1187=VERTEX_POINT('',#4105);
#1188=VERTEX_POINT('',#4107);
#1189=VERTEX_POINT('',#4109);
#1190=VERTEX_POINT('',#4113);
#1191=VERTEX_POINT('',#4114);
#1192=VERTEX_POINT('',#4116);
#1193=VERTEX_POINT('',#4118);
#1194=VERTEX_POINT('',#4122);
#1195=VERTEX_POINT('',#4123);
#1196=VERTEX_POINT('',#4140);
#1197=VERTEX_POINT('',#4142);
#1198=VERTEX_POINT('',#4146);
#1199=VERTEX_POINT('',#4147);
#1200=VERTEX_POINT('',#4155);
#1201=VERTEX_POINT('',#4157);
#1202=VERTEX_POINT('',#4161);
#1203=VERTEX_POINT('',#4162);
#1204=VERTEX_POINT('',#4170);
#1205=VERTEX_POINT('',#4171);
#1206=VERTEX_POINT('',#4176);
#1207=VERTEX_POINT('',#4177);
#1208=VERTEX_POINT('',#4191);
#1209=VERTEX_POINT('',#4193);
#1210=VERTEX_POINT('',#4197);
#1211=VERTEX_POINT('',#4198);
#1212=VERTEX_POINT('',#4200);
#1213=VERTEX_POINT('',#4202);
#1214=VERTEX_POINT('',#4206);
#1215=VERTEX_POINT('',#4207);
#1216=VERTEX_POINT('',#4209);
#1217=VERTEX_POINT('',#4211);
#1218=VERTEX_POINT('',#4215);
#1219=VERTEX_POINT('',#4217);
#1220=VERTEX_POINT('',#4226);
#1221=VERTEX_POINT('',#4235);
#1222=VERTEX_POINT('',#4257);
#1223=VERTEX_POINT('',#4259);
#1224=VERTEX_POINT('',#4283);
#1225=VERTEX_POINT('',#4284);
#1226=VERTEX_POINT('',#4300);
#1227=VERTEX_POINT('',#4301);
#1228=VERTEX_POINT('',#4312);
#1229=VERTEX_POINT('',#4314);
#1230=VERTEX_POINT('',#4321);
#1231=VERTEX_POINT('',#4329);
#1232=VERTEX_POINT('',#4336);
#1233=VERTEX_POINT('',#4338);
#1234=VERTEX_POINT('',#4342);
#1235=VERTEX_POINT('',#4343);
#1236=VERTEX_POINT('',#4345);
#1237=VERTEX_POINT('',#4347);
#1238=VERTEX_POINT('',#4351);
#1239=VERTEX_POINT('',#4352);
#1240=VERTEX_POINT('',#4354);
#1241=VERTEX_POINT('',#4356);
#1242=VERTEX_POINT('',#4360);
#1243=VERTEX_POINT('',#4361);
#1244=VERTEX_POINT('',#4363);
#1245=VERTEX_POINT('',#4365);
#1246=VERTEX_POINT('',#4369);
#1247=VERTEX_POINT('',#4370);
#1248=VERTEX_POINT('',#4372);
#1249=VERTEX_POINT('',#4374);
#1250=VERTEX_POINT('',#4378);
#1251=VERTEX_POINT('',#4380);
#1252=VERTEX_POINT('',#4391);
#1253=VERTEX_POINT('',#4392);
#1254=VERTEX_POINT('',#4403);
#1255=VERTEX_POINT('',#4404);
#1256=VERTEX_POINT('',#4415);
#1257=VERTEX_POINT('',#4416);
#1258=VERTEX_POINT('',#4418);
#1259=VERTEX_POINT('',#4420);
#1260=VERTEX_POINT('',#4434);
#1261=VERTEX_POINT('',#4436);
#1262=VERTEX_POINT('',#4440);
#1263=VERTEX_POINT('',#4442);
#1264=VERTEX_POINT('',#4446);
#1265=VERTEX_POINT('',#4447);
#1266=VERTEX_POINT('',#4449);
#1267=VERTEX_POINT('',#4451);
#1268=VERTEX_POINT('',#4467);
#1269=VERTEX_POINT('',#4469);
#1270=VERTEX_POINT('',#4473);
#1271=VERTEX_POINT('',#4477);
#1272=VERTEX_POINT('',#4484);
#1273=VERTEX_POINT('',#4485);
#1274=VERTEX_POINT('',#4490);
#1275=VERTEX_POINT('',#4494);
#1276=VERTEX_POINT('',#4495);
#1277=VERTEX_POINT('',#4500);
#1278=VERTEX_POINT('',#4504);
#1279=VERTEX_POINT('',#4505);
#1280=VERTEX_POINT('',#4510);
#1281=VERTEX_POINT('',#4515);
#1282=VERTEX_POINT('',#4516);
#1283=VERTEX_POINT('',#4527);
#1284=VERTEX_POINT('',#4535);
#1285=VERTEX_POINT('',#4537);
#1286=VERTEX_POINT('',#4539);
#1287=VERTEX_POINT('',#4541);
#1288=VERTEX_POINT('',#4543);
#1289=VERTEX_POINT('',#4545);
#1290=VERTEX_POINT('',#4546);
#1291=VERTEX_POINT('',#4548);
#1292=VERTEX_POINT('',#4551);
#1293=VERTEX_POINT('',#4643);
#1294=VERTEX_POINT('',#4647);
#1295=VERTEX_POINT('',#4651);
#1296=VERTEX_POINT('',#4655);
#1297=VERTEX_POINT('',#4657);
#1298=VERTEX_POINT('',#4660);
#1299=VERTEX_POINT('',#4665);
#1300=LINE('',#3928,#1458);
#1301=LINE('',#3933,#1459);
#1302=LINE('',#3937,#1460);
#1303=LINE('',#3941,#1461);
#1304=LINE('',#3945,#1462);
#1305=LINE('',#3949,#1463);
#1306=LINE('',#3956,#1464);
#1307=LINE('',#3960,#1465);
#1308=LINE('',#3961,#1466);
#1309=LINE('',#3964,#1467);
#1310=LINE('',#3966,#1468);
#1311=LINE('',#3968,#1469);
#1312=LINE('',#3973,#1470);
#1313=LINE('',#3975,#1471);
#1314=LINE('',#3977,#1472);
#1315=LINE('',#3979,#1473);
#1316=LINE('',#3984,#1474);
#1317=LINE('',#3986,#1475);
#1318=LINE('',#3988,#1476);
#1319=LINE('',#3993,#1477);
#1320=LINE('',#3999,#1478);
#1321=LINE('',#4003,#1479);
#1322=LINE('',#4004,#1480);
#1323=LINE('',#4007,#1481);
#1324=LINE('',#4009,#1482);
#1325=LINE('',#4011,#1483);
#1326=LINE('',#4015,#1484);
#1327=LINE('',#4019,#1485);
#1328=LINE('',#4020,#1486);
#1329=LINE('',#4025,#1487);
#1330=LINE('',#4029,#1488);
#1331=LINE('',#4034,#1489);
#1332=LINE('',#4037,#1490);
#1333=LINE('',#4040,#1491);
#1334=LINE('',#4042,#1492);
#1335=LINE('',#4044,#1493);
#1336=LINE('',#4048,#1494);
#1337=LINE('',#4052,#1495);
#1338=LINE('',#4054,#1496);
#1339=LINE('',#4057,#1497);
#1340=LINE('',#4059,#1498);
#1341=LINE('',#4061,#1499);
#1342=LINE('',#4063,#1500);
#1343=LINE('',#4068,#1501);
#1344=LINE('',#4072,#1502);
#1345=LINE('',#4076,#1503);
#1346=LINE('',#4080,#1504);
#1347=LINE('',#4082,#1505);
#1348=LINE('',#4084,#1506);
#1349=LINE('',#4086,#1507);
#1350=LINE('',#4088,#1508);
#1351=LINE('',#4090,#1509);
#1352=LINE('',#4097,#1510);
#1353=LINE('',#4100,#1511);
#1354=LINE('',#4101,#1512);
#1355=LINE('',#4103,#1513);
#1356=LINE('',#4106,#1514);
#1357=LINE('',#4108,#1515);
#1358=LINE('',#4110,#1516);
#1359=LINE('',#4112,#1517);
#1360=LINE('',#4115,#1518);
#1361=LINE('',#4117,#1519);
#1362=LINE('',#4119,#1520);
#1363=LINE('',#4121,#1521);
#1364=LINE('',#4124,#1522);
#1365=LINE('',#4125,#1523);
#1366=LINE('',#4139,#1524);
#1367=LINE('',#4141,#1525);
#1368=LINE('',#4143,#1526);
#1369=LINE('',#4145,#1527);
#1370=LINE('',#4148,#1528);
#1371=LINE('',#4149,#1529);
#1372=LINE('',#4154,#1530);
#1373=LINE('',#4156,#1531);
#1374=LINE('',#4158,#1532);
#1375=LINE('',#4160,#1533);
#1376=LINE('',#4163,#1534);
#1377=LINE('',#4164,#1535);
#1378=LINE('',#4169,#1536);
#1379=LINE('',#4172,#1537);
#1380=LINE('',#4173,#1538);
#1381=LINE('',#4175,#1539);
#1382=LINE('',#4178,#1540);
#1383=LINE('',#4179,#1541);
#1384=LINE('',#4190,#1542);
#1385=LINE('',#4192,#1543);
#1386=LINE('',#4194,#1544);
#1387=LINE('',#4196,#1545);
#1388=LINE('',#4199,#1546);
#1389=LINE('',#4201,#1547);
#1390=LINE('',#4203,#1548);
#1391=LINE('',#4205,#1549);
#1392=LINE('',#4208,#1550);
#1393=LINE('',#4210,#1551);
#1394=LINE('',#4212,#1552);
#1395=LINE('',#4214,#1553);
#1396=LINE('',#4216,#1554);
#1397=LINE('',#4218,#1555);
#1398=LINE('',#4258,#1556);
#1399=LINE('',#4282,#1557);
#1400=LINE('',#4299,#1558);
#1401=LINE('',#4313,#1559);
#1402=LINE('',#4335,#1560);
#1403=LINE('',#4337,#1561);
#1404=LINE('',#4339,#1562);
#1405=LINE('',#4341,#1563);
#1406=LINE('',#4344,#1564);
#1407=LINE('',#4346,#1565);
#1408=LINE('',#4348,#1566);
#1409=LINE('',#4350,#1567);
#1410=LINE('',#4353,#1568);
#1411=LINE('',#4355,#1569);
#1412=LINE('',#4357,#1570);
#1413=LINE('',#4359,#1571);
#1414=LINE('',#4362,#1572);
#1415=LINE('',#4364,#1573);
#1416=LINE('',#4366,#1574);
#1417=LINE('',#4368,#1575);
#1418=LINE('',#4371,#1576);
#1419=LINE('',#4373,#1577);
#1420=LINE('',#4375,#1578);
#1421=LINE('',#4377,#1579);
#1422=LINE('',#4379,#1580);
#1423=LINE('',#4381,#1581);
#1424=LINE('',#4390,#1582);
#1425=LINE('',#4402,#1583);
#1426=LINE('',#4414,#1584);
#1427=LINE('',#4419,#1585);
#1428=LINE('',#4433,#1586);
#1429=LINE('',#4435,#1587);
#1430=LINE('',#4437,#1588);
#1431=LINE('',#4439,#1589);
#1432=LINE('',#4441,#1590);
#1433=LINE('',#4443,#1591);
#1434=LINE('',#4448,#1592);
#1435=LINE('',#4452,#1593);
#1436=LINE('',#4458,#1594);
#1437=LINE('',#4459,#1595);
#1438=LINE('',#4461,#1596);
#1439=LINE('',#4463,#1597);
#1440=LINE('',#4466,#1598);
#1441=LINE('',#4468,#1599);
#1442=LINE('',#4470,#1600);
#1443=LINE('',#4472,#1601);
#1444=LINE('',#4474,#1602);
#1445=LINE('',#4476,#1603);
#1446=LINE('',#4478,#1604);
#1447=LINE('',#4480,#1605);
#1448=LINE('',#4491,#1606);
#1449=LINE('',#4493,#1607);
#1450=LINE('',#4503,#1608);
#1451=LINE('',#4511,#1609);
#1452=LINE('',#4512,#1610);
#1453=LINE('',#4514,#1611);
#1454=LINE('',#4526,#1612);
#1455=LINE('',#4532,#1613);
#1456=LINE('',#4547,#1614);
#1457=LINE('',#4552,#1615);
#1458=VECTOR('',#3284,1000.);
#1459=VECTOR('',#3287,1000.);
#1460=VECTOR('',#3290,1000.);
#1461=VECTOR('',#3293,1000.);
#1462=VECTOR('',#3296,1000.);
#1463=VECTOR('',#3299,1000.);
#1464=VECTOR('',#3306,1000.);
#1465=VECTOR('',#3309,1000.);
#1466=VECTOR('',#3310,1000.);
#1467=VECTOR('',#3311,1000.);
#1468=VECTOR('',#3312,1000.);
#1469=VECTOR('',#3313,1000.);
#1470=VECTOR('',#3318,1000.);
#1471=VECTOR('',#3319,1000.);
#1472=VECTOR('',#3320,1000.);
#1473=VECTOR('',#3323,1000.);
#1474=VECTOR('',#3326,1000.);
#1475=VECTOR('',#3327,1000.);
#1476=VECTOR('',#3330,1000.);
#1477=VECTOR('',#3333,1000.);
#1478=VECTOR('',#3338,1000.);
#1479=VECTOR('',#3341,1000.);
#1480=VECTOR('',#3342,1000.);
#1481=VECTOR('',#3343,1000.);
#1482=VECTOR('',#3344,1000.);
#1483=VECTOR('',#3345,1000.);
#1484=VECTOR('',#3348,1000.);
#1485=VECTOR('',#3351,1000.);
#1486=VECTOR('',#3352,1000.);
#1487=VECTOR('',#3355,1000.);
#1488=VECTOR('',#3360,1000.);
#1489=VECTOR('',#3363,1000.);
#1490=VECTOR('',#3366,1000.);
#1491=VECTOR('',#3367,1000.);
#1492=VECTOR('',#3368,1000.);
#1493=VECTOR('',#3369,1000.);
#1494=VECTOR('',#3372,1000.);
#1495=VECTOR('',#3375,1000.);
#1496=VECTOR('',#3378,1000.);
#1497=VECTOR('',#3379,1000.);
#1498=VECTOR('',#3380,1000.);
#1499=VECTOR('',#3381,1000.);
#1500=VECTOR('',#3384,1000.);
#1501=VECTOR('',#3387,1000.);
#1502=VECTOR('',#3390,1000.);
#1503=VECTOR('',#3393,1000.);
#1504=VECTOR('',#3398,1000.);
#1505=VECTOR('',#3399,1000.);
#1506=VECTOR('',#3400,1000.);
#1507=VECTOR('',#3403,1000.);
#1508=VECTOR('',#3404,1000.);
#1509=VECTOR('',#3405,1000.);
#1510=VECTOR('',#3418,1000.);
#1511=VECTOR('',#3419,1000.);
#1512=VECTOR('',#3420,1000.);
#1513=VECTOR('',#3423,1000.);
#1514=VECTOR('',#3424,1000.);
#1515=VECTOR('',#3425,1000.);
#1516=VECTOR('',#3426,1000.);
#1517=VECTOR('',#3429,1000.);
#1518=VECTOR('',#3430,1000.);
#1519=VECTOR('',#3431,1000.);
#1520=VECTOR('',#3432,1000.);
#1521=VECTOR('',#3435,1000.);
#1522=VECTOR('',#3436,1000.);
#1523=VECTOR('',#3437,1000.);
#1524=VECTOR('',#3464,1000.);
#1525=VECTOR('',#3465,1000.);
#1526=VECTOR('',#3466,1000.);
#1527=VECTOR('',#3469,1000.);
#1528=VECTOR('',#3470,1000.);
#1529=VECTOR('',#3471,1000.);
#1530=VECTOR('',#3480,1000.);
#1531=VECTOR('',#3481,1000.);
#1532=VECTOR('',#3482,1000.);
#1533=VECTOR('',#3485,1000.);
#1534=VECTOR('',#3486,1000.);
#1535=VECTOR('',#3487,1000.);
#1536=VECTOR('',#3496,1000.);
#1537=VECTOR('',#3497,1000.);
#1538=VECTOR('',#3498,1000.);
#1539=VECTOR('',#3501,1000.);
#1540=VECTOR('',#3502,1000.);
#1541=VECTOR('',#3503,1000.);
#1542=VECTOR('',#3524,1000.);
#1543=VECTOR('',#3525,1000.);
#1544=VECTOR('',#3526,1000.);
#1545=VECTOR('',#3529,1000.);
#1546=VECTOR('',#3530,1000.);
#1547=VECTOR('',#3531,1000.);
#1548=VECTOR('',#3532,1000.);
#1549=VECTOR('',#3535,1000.);
#1550=VECTOR('',#3536,1000.);
#1551=VECTOR('',#3537,1000.);
#1552=VECTOR('',#3538,1000.);
#1553=VECTOR('',#3541,1000.);
#1554=VECTOR('',#3542,1000.);
#1555=VECTOR('',#3543,1000.);
#1556=VECTOR('',#3608,1000.);
#1557=VECTOR('',#3645,1000.);
#1558=VECTOR('',#3658,1000.);
#1559=VECTOR('',#3663,1000.);
#1560=VECTOR('',#3670,1000.);
#1561=VECTOR('',#3671,1000.);
#1562=VECTOR('',#3672,1000.);
#1563=VECTOR('',#3675,1000.);
#1564=VECTOR('',#3676,1000.);
#1565=VECTOR('',#3677,1000.);
#1566=VECTOR('',#3678,1000.);
#1567=VECTOR('',#3681,1000.);
#1568=VECTOR('',#3682,1000.);
#1569=VECTOR('',#3683,1000.);
#1570=VECTOR('',#3684,1000.);
#1571=VECTOR('',#3687,1000.);
#1572=VECTOR('',#3688,1000.);
#1573=VECTOR('',#3689,1000.);
#1574=VECTOR('',#3690,1000.);
#1575=VECTOR('',#3693,1000.);
#1576=VECTOR('',#3694,1000.);
#1577=VECTOR('',#3695,1000.);
#1578=VECTOR('',#3696,1000.);
#1579=VECTOR('',#3699,1000.);
#1580=VECTOR('',#3700,1000.);
#1581=VECTOR('',#3701,1000.);
#1582=VECTOR('',#3718,1000.);
#1583=VECTOR('',#3721,1000.);
#1584=VECTOR('',#3724,1000.);
#1585=VECTOR('',#3727,1000.);
#1586=VECTOR('',#3752,1000.);
#1587=VECTOR('',#3753,1000.);
#1588=VECTOR('',#3754,1000.);
#1589=VECTOR('',#3757,1000.);
#1590=VECTOR('',#3758,1000.);
#1591=VECTOR('',#3759,1000.);
#1592=VECTOR('',#3764,1000.);
#1593=VECTOR('',#3767,1000.);
#1594=VECTOR('',#3778,1000.);
#1595=VECTOR('',#3779,1000.);
#1596=VECTOR('',#3782,1000.);
#1597=VECTOR('',#3785,1000.);
#1598=VECTOR('',#3790,1000.);
#1599=VECTOR('',#3791,1000.);
#1600=VECTOR('',#3792,1000.);
#1601=VECTOR('',#3795,1000.);
#1602=VECTOR('',#3796,1000.);
#1603=VECTOR('',#3799,1000.);
#1604=VECTOR('',#3800,1000.);
#1605=VECTOR('',#3803,1000.);
#1606=VECTOR('',#3810,1000.);
#1607=VECTOR('',#3813,1000.);
#1608=VECTOR('',#3818,1000.);
#1609=VECTOR('',#3819,1000.);
#1610=VECTOR('',#3820,1000.);
#1611=VECTOR('',#3823,1000.);
#1612=VECTOR('',#3828,1000.);
#1613=VECTOR('',#3829,1000.);
#1614=VECTOR('',#3844,1000.);
#1615=VECTOR('',#3849,1000.);
#1616=EDGE_LOOP('',(#226,#227,#228,#229,#230,#231,#232,#233,#234,#235,#236,
#237));
#1617=EDGE_LOOP('',(#238,#239,#240,#241));
#1618=EDGE_LOOP('',(#242,#243,#244,#245));
#1619=EDGE_LOOP('',(#246,#247,#248,#249));
#1620=EDGE_LOOP('',(#250,#251,#252,#253));
#1621=EDGE_LOOP('',(#254,#255,#256,#257));
#1622=EDGE_LOOP('',(#258,#259,#260,#261));
#1623=EDGE_LOOP('',(#262,#263,#264,#265));
#1624=EDGE_LOOP('',(#266,#267,#268,#269));
#1625=EDGE_LOOP('',(#270,#271,#272,#273));
#1626=EDGE_LOOP('',(#274,#275,#276,#277));
#1627=EDGE_LOOP('',(#278,#279,#280,#281));
#1628=EDGE_LOOP('',(#282,#283,#284,#285));
#1629=EDGE_LOOP('',(#286,#287,#288,#289));
#1630=EDGE_LOOP('',(#290,#291,#292,#293,#294,#295,#296,#297));
#1631=EDGE_LOOP('',(#298,#299,#300,#301));
#1632=EDGE_LOOP('',(#302,#303,#304,#305));
#1633=EDGE_LOOP('',(#306,#307,#308,#309));
#1634=EDGE_LOOP('',(#310,#311,#312,#313));
#1635=EDGE_LOOP('',(#314,#315,#316,#317));
#1636=EDGE_LOOP('',(#318,#319,#320,#321));
#1637=EDGE_LOOP('',(#322,#323,#324,#325));
#1638=EDGE_LOOP('',(#326,#327,#328,#329));
#1639=EDGE_LOOP('',(#330,#331,#332,#333));
#1640=EDGE_LOOP('',(#334,#335,#336,#337));
#1641=EDGE_LOOP('',(#338,#339,#340,#341));
#1642=EDGE_LOOP('',(#342,#343,#344,#345));
#1643=EDGE_LOOP('',(#346,#347,#348,#349));
#1644=EDGE_LOOP('',(#350,#351,#352,#353));
#1645=EDGE_LOOP('',(#354,#355,#356,#357));
#1646=EDGE_LOOP('',(#358,#359,#360,#361));
#1647=EDGE_LOOP('',(#362,#363,#364,#365));
#1648=EDGE_LOOP('',(#366,#367,#368,#369));
#1649=EDGE_LOOP('',(#370,#371,#372,#373));
#1650=EDGE_LOOP('',(#374,#375,#376,#377));
#1651=EDGE_LOOP('',(#378,#379,#380,#381));
#1652=EDGE_LOOP('',(#382,#383,#384,#385));
#1653=EDGE_LOOP('',(#386,#387,#388,#389));
#1654=EDGE_LOOP('',(#390,#391,#392,#393));
#1655=EDGE_LOOP('',(#394,#395,#396,#397));
#1656=EDGE_LOOP('',(#398,#399,#400,#401));
#1657=EDGE_LOOP('',(#402,#403,#404,#405));
#1658=EDGE_LOOP('',(#406,#407,#408,#409));
#1659=EDGE_LOOP('',(#410,#411,#412,#413));
#1660=EDGE_LOOP('',(#414,#415,#416,#417));
#1661=EDGE_LOOP('',(#418,#419,#420,#421));
#1662=EDGE_LOOP('',(#422,#423,#424,#425));
#1663=EDGE_LOOP('',(#426,#427,#428,#429));
#1664=EDGE_LOOP('',(#430,#431,#432,#433));
#1665=EDGE_LOOP('',(#434,#435,#436,#437));
#1666=EDGE_LOOP('',(#438,#439,#440,#441));
#1667=EDGE_LOOP('',(#442,#443,#444,#445));
#1668=EDGE_LOOP('',(#446));
#1669=EDGE_LOOP('',(#447,#448,#449,#450));
#1670=EDGE_LOOP('',(#451,#452,#453,#454));
#1671=EDGE_LOOP('',(#455,#456,#457,#458));
#1672=EDGE_LOOP('',(#459,#460,#461,#462));
#1673=EDGE_LOOP('',(#463,#464,#465,#466));
#1674=EDGE_LOOP('',(#467));
#1675=EDGE_LOOP('',(#468));
#1676=EDGE_LOOP('',(#469));
#1677=EDGE_LOOP('',(#470,#471,#472,#473));
#1678=EDGE_LOOP('',(#474,#475,#476,#477));
#1679=EDGE_LOOP('',(#478,#479,#480,#481));
#1680=EDGE_LOOP('',(#482,#483,#484,#485));
#1681=EDGE_LOOP('',(#486,#487,#488,#489));
#1682=EDGE_LOOP('',(#490,#491,#492,#493,#494,#495,#496,#497));
#1683=EDGE_LOOP('',(#498,#499,#500,#501));
#1684=EDGE_LOOP('',(#502,#503,#504,#505));
#1685=EDGE_LOOP('',(#506,#507,#508,#509));
#1686=EDGE_LOOP('',(#510,#511,#512,#513));
#1687=EDGE_LOOP('',(#514,#515,#516,#517));
#1688=EDGE_LOOP('',(#518,#519,#520,#521));
#1689=EDGE_LOOP('',(#522,#523,#524,#525));
#1690=EDGE_LOOP('',(#526,#527,#528,#529));
#1691=EDGE_LOOP('',(#530,#531,#532,#533,#534,#535,#536,#537));
#1692=EDGE_LOOP('',(#538,#539,#540,#541));
#1693=EDGE_LOOP('',(#542,#543,#544,#545));
#1694=EDGE_LOOP('',(#546,#547,#548,#549,#550,#551));
#1695=EDGE_LOOP('',(#552,#553,#554,#555,#556,#557));
#1696=EDGE_LOOP('',(#558,#559,#560,#561,#562,#563));
#1697=EDGE_LOOP('',(#564,#565,#566,#567));
#1698=EDGE_LOOP('',(#568,#569,#570,#571));
#1699=EDGE_LOOP('',(#572,#573,#574,#575));
#1700=EDGE_LOOP('',(#576,#577,#578,#579));
#1701=EDGE_LOOP('',(#580,#581,#582,#583));
#1702=EDGE_LOOP('',(#584,#585,#586,#587));
#1703=EDGE_LOOP('',(#588,#589,#590,#591,#592,#593,#594,#595));
#1704=EDGE_LOOP('',(#596,#597,#598,#599));
#1705=EDGE_LOOP('',(#600,#601,#602,#603));
#1706=EDGE_LOOP('',(#604,#605,#606,#607));
#1707=EDGE_LOOP('',(#608,#609,#610,#611));
#1708=EDGE_LOOP('',(#612,#613,#614,#615,#616,#617,#618,#619));
#1709=EDGE_LOOP('',(#620,#621,#622,#623,#624));
#1710=EDGE_LOOP('',(#625,#626,#627,#628,#629));
#1711=EDGE_LOOP('',(#630,#631,#632,#633,#634));
#1712=EDGE_LOOP('',(#635,#636,#637,#638,#639));
#1713=EDGE_LOOP('',(#640,#641,#642,#643,#644,#645));
#1714=EDGE_LOOP('',(#646,#647,#648,#649,#650,#651));
#1715=EDGE_LOOP('',(#652,#653,#654,#655));
#1716=EDGE_LOOP('',(#656,#657,#658,#659));
#1717=EDGE_LOOP('',(#660,#661,#662,#663));
#1718=EDGE_LOOP('',(#664,#665,#666,#667));
#1719=EDGE_LOOP('',(#668,#669,#670,#671));
#1720=EDGE_LOOP('',(#672,#673,#674,#675));
#1721=EDGE_LOOP('',(#676,#677,#678,#679));
#1722=EDGE_LOOP('',(#680,#681,#682,#683));
#1723=EDGE_LOOP('',(#684,#685,#686,#687));
#1724=EDGE_LOOP('',(#688,#689,#690,#691));
#1725=EDGE_LOOP('',(#692,#693,#694,#695));
#1726=EDGE_LOOP('',(#696,#697,#698,#699));
#1727=EDGE_LOOP('',(#700,#701,#702,#703));
#1728=EDGE_LOOP('',(#704,#705,#706,#707));
#1729=EDGE_LOOP('',(#708,#709,#710,#711));
#1730=EDGE_LOOP('',(#712,#713,#714));
#1731=EDGE_LOOP('',(#715,#716,#717));
#1732=EDGE_LOOP('',(#718,#719,#720,#721,#722));
#1733=EDGE_LOOP('',(#723,#724,#725,#726));
#1734=EDGE_LOOP('',(#727,#728,#729,#730,#731));
#1735=EDGE_LOOP('',(#732));
#1736=EDGE_LOOP('',(#733));
#1737=EDGE_LOOP('',(#734));
#1738=EDGE_LOOP('',(#735));
#1739=EDGE_LOOP('',(#736));
#1740=EDGE_LOOP('',(#737,#738,#739,#740,#741,#742,#743,#744,#745,#746));
#1741=EDGE_LOOP('',(#747,#748,#749,#750));
#1742=EDGE_LOOP('',(#751,#752,#753,#754));
#1743=EDGE_LOOP('',(#755,#756,#757,#758));
#1744=EDGE_LOOP('',(#759,#760,#761,#762));
#1745=EDGE_LOOP('',(#763,#764,#765,#766));
#1746=EDGE_LOOP('',(#767,#768,#769,#770));
#1747=EDGE_LOOP('',(#771,#772,#773,#774));
#1748=EDGE_LOOP('',(#775,#776,#777,#778));
#1749=EDGE_LOOP('',(#779,#780,#781,#782));
#1750=EDGE_LOOP('',(#783,#784,#785,#786));
#1751=EDGE_LOOP('',(#787,#788,#789,#790));
#1752=EDGE_LOOP('',(#791,#792,#793,#794));
#1753=EDGE_LOOP('',(#795));
#1754=EDGE_LOOP('',(#796));
#1755=EDGE_LOOP('',(#797));
#1756=EDGE_LOOP('',(#798));
#1757=EDGE_LOOP('',(#799));
#1758=EDGE_LOOP('',(#800));
#1759=EDGE_LOOP('',(#801));
#1760=EDGE_LOOP('',(#802));
#1761=EDGE_LOOP('',(#803));
#1762=EDGE_LOOP('',(#804));
#1763=EDGE_LOOP('',(#805));
#1764=EDGE_LOOP('',(#806));
#1765=EDGE_LOOP('',(#807));
#1766=EDGE_LOOP('',(#808));
#1767=EDGE_LOOP('',(#809));
#1768=EDGE_LOOP('',(#810));
#1769=EDGE_LOOP('',(#811));
#1770=EDGE_LOOP('',(#812));
#1771=EDGE_LOOP('',(#813));
#1772=FACE_BOUND('',#1616,.T.);
#1773=FACE_BOUND('',#1617,.T.);
#1774=FACE_BOUND('',#1618,.T.);
#1775=FACE_BOUND('',#1619,.T.);
#1776=FACE_BOUND('',#1620,.T.);
#1777=FACE_BOUND('',#1621,.T.);
#1778=FACE_BOUND('',#1622,.T.);
#1779=FACE_BOUND('',#1623,.T.);
#1780=FACE_BOUND('',#1624,.T.);
#1781=FACE_BOUND('',#1625,.T.);
#1782=FACE_BOUND('',#1626,.T.);
#1783=FACE_BOUND('',#1627,.T.);
#1784=FACE_BOUND('',#1628,.T.);
#1785=FACE_BOUND('',#1629,.T.);
#1786=FACE_BOUND('',#1630,.T.);
#1787=FACE_BOUND('',#1631,.T.);
#1788=FACE_BOUND('',#1632,.T.);
#1789=FACE_BOUND('',#1633,.T.);
#1790=FACE_BOUND('',#1634,.T.);
#1791=FACE_BOUND('',#1635,.T.);
#1792=FACE_BOUND('',#1636,.T.);
#1793=FACE_BOUND('',#1637,.T.);
#1794=FACE_BOUND('',#1638,.T.);
#1795=FACE_BOUND('',#1639,.T.);
#1796=FACE_BOUND('',#1640,.T.);
#1797=FACE_BOUND('',#1641,.T.);
#1798=FACE_BOUND('',#1642,.T.);
#1799=FACE_BOUND('',#1643,.T.);
#1800=FACE_BOUND('',#1644,.T.);
#1801=FACE_BOUND('',#1645,.T.);
#1802=FACE_BOUND('',#1646,.T.);
#1803=FACE_BOUND('',#1647,.T.);
#1804=FACE_BOUND('',#1648,.T.);
#1805=FACE_BOUND('',#1649,.T.);
#1806=FACE_BOUND('',#1650,.T.);
#1807=FACE_BOUND('',#1651,.T.);
#1808=FACE_BOUND('',#1652,.T.);
#1809=FACE_BOUND('',#1653,.T.);
#1810=FACE_BOUND('',#1654,.T.);
#1811=FACE_BOUND('',#1655,.T.);
#1812=FACE_BOUND('',#1656,.T.);
#1813=FACE_BOUND('',#1657,.T.);
#1814=FACE_BOUND('',#1658,.T.);
#1815=FACE_BOUND('',#1659,.T.);
#1816=FACE_BOUND('',#1660,.T.);
#1817=FACE_BOUND('',#1661,.T.);
#1818=FACE_BOUND('',#1662,.T.);
#1819=FACE_BOUND('',#1663,.T.);
#1820=FACE_BOUND('',#1664,.T.);
#1821=FACE_BOUND('',#1665,.T.);
#1822=FACE_BOUND('',#1666,.T.);
#1823=FACE_BOUND('',#1667,.T.);
#1824=FACE_BOUND('',#1668,.T.);
#1825=FACE_BOUND('',#1669,.T.);
#1826=FACE_BOUND('',#1670,.T.);
#1827=FACE_BOUND('',#1671,.T.);
#1828=FACE_BOUND('',#1672,.T.);
#1829=FACE_BOUND('',#1673,.T.);
#1830=FACE_BOUND('',#1674,.T.);
#1831=FACE_BOUND('',#1675,.T.);
#1832=FACE_BOUND('',#1676,.T.);
#1833=FACE_BOUND('',#1677,.T.);
#1834=FACE_BOUND('',#1678,.T.);
#1835=FACE_BOUND('',#1679,.T.);
#1836=FACE_BOUND('',#1680,.T.);
#1837=FACE_BOUND('',#1681,.T.);
#1838=FACE_BOUND('',#1682,.T.);
#1839=FACE_BOUND('',#1683,.T.);
#1840=FACE_BOUND('',#1684,.T.);
#1841=FACE_BOUND('',#1685,.T.);
#1842=FACE_BOUND('',#1686,.T.);
#1843=FACE_BOUND('',#1687,.T.);
#1844=FACE_BOUND('',#1688,.T.);
#1845=FACE_BOUND('',#1689,.T.);
#1846=FACE_BOUND('',#1690,.T.);
#1847=FACE_BOUND('',#1691,.T.);
#1848=FACE_BOUND('',#1692,.T.);
#1849=FACE_BOUND('',#1693,.T.);
#1850=FACE_BOUND('',#1694,.T.);
#1851=FACE_BOUND('',#1695,.T.);
#1852=FACE_BOUND('',#1696,.T.);
#1853=FACE_BOUND('',#1697,.T.);
#1854=FACE_BOUND('',#1698,.T.);
#1855=FACE_BOUND('',#1699,.T.);
#1856=FACE_BOUND('',#1700,.T.);
#1857=FACE_BOUND('',#1701,.T.);
#1858=FACE_BOUND('',#1702,.T.);
#1859=FACE_BOUND('',#1703,.T.);
#1860=FACE_BOUND('',#1704,.T.);
#1861=FACE_BOUND('',#1705,.T.);
#1862=FACE_BOUND('',#1706,.T.);
#1863=FACE_BOUND('',#1707,.T.);
#1864=FACE_BOUND('',#1708,.T.);
#1865=FACE_BOUND('',#1709,.T.);
#1866=FACE_BOUND('',#1710,.T.);
#1867=FACE_BOUND('',#1711,.T.);
#1868=FACE_BOUND('',#1712,.T.);
#1869=FACE_BOUND('',#1713,.T.);
#1870=FACE_BOUND('',#1714,.T.);
#1871=FACE_BOUND('',#1715,.T.);
#1872=FACE_BOUND('',#1716,.T.);
#1873=FACE_BOUND('',#1717,.T.);
#1874=FACE_BOUND('',#1718,.T.);
#1875=FACE_BOUND('',#1719,.T.);
#1876=FACE_BOUND('',#1720,.T.);
#1877=FACE_BOUND('',#1721,.T.);
#1878=FACE_BOUND('',#1722,.T.);
#1879=FACE_BOUND('',#1723,.T.);
#1880=FACE_BOUND('',#1724,.T.);
#1881=FACE_BOUND('',#1725,.T.);
#1882=FACE_BOUND('',#1726,.T.);
#1883=FACE_BOUND('',#1727,.T.);
#1884=FACE_BOUND('',#1728,.T.);
#1885=FACE_BOUND('',#1729,.T.);
#1886=FACE_BOUND('',#1730,.T.);
#1887=FACE_BOUND('',#1731,.T.);
#1888=FACE_BOUND('',#1732,.T.);
#1889=FACE_BOUND('',#1733,.T.);
#1890=FACE_BOUND('',#1734,.T.);
#1891=FACE_BOUND('',#1735,.T.);
#1892=FACE_BOUND('',#1736,.T.);
#1893=FACE_BOUND('',#1737,.T.);
#1894=FACE_BOUND('',#1738,.T.);
#1895=FACE_BOUND('',#1739,.T.);
#1896=FACE_BOUND('',#1740,.T.);
#1897=FACE_BOUND('',#1741,.T.);
#1898=FACE_BOUND('',#1742,.T.);
#1899=FACE_BOUND('',#1743,.T.);
#1900=FACE_BOUND('',#1744,.T.);
#1901=FACE_BOUND('',#1745,.T.);
#1902=FACE_BOUND('',#1746,.T.);
#1903=FACE_BOUND('',#1747,.T.);
#1904=FACE_BOUND('',#1748,.T.);
#1905=FACE_BOUND('',#1749,.T.);
#1906=FACE_BOUND('',#1750,.T.);
#1907=FACE_BOUND('',#1751,.T.);
#1908=FACE_BOUND('',#1752,.T.);
#1909=FACE_BOUND('',#1753,.T.);
#1910=FACE_BOUND('',#1754,.T.);
#1911=FACE_BOUND('',#1755,.T.);
#1912=FACE_BOUND('',#1756,.T.);
#1913=FACE_BOUND('',#1757,.T.);
#1914=FACE_BOUND('',#1758,.T.);
#1915=FACE_BOUND('',#1759,.T.);
#1916=FACE_BOUND('',#1760,.T.);
#1917=FACE_BOUND('',#1761,.T.);
#1918=FACE_BOUND('',#1762,.T.);
#1919=FACE_BOUND('',#1763,.T.);
#1920=FACE_BOUND('',#1764,.T.);
#1921=FACE_BOUND('',#1765,.T.);
#1922=FACE_BOUND('',#1766,.T.);
#1923=FACE_BOUND('',#1767,.T.);
#1924=FACE_BOUND('',#1768,.T.);
#1925=FACE_BOUND('',#1769,.T.);
#1926=FACE_BOUND('',#1770,.T.);
#1927=FACE_BOUND('',#1771,.T.);
#1928=PLANE('',#3037);
#1929=PLANE('',#3044);
#1930=PLANE('',#3047);
#1931=PLANE('',#3049);
#1932=PLANE('',#3051);
#1933=PLANE('',#3060);
#1934=PLANE('',#3065);
#1935=PLANE('',#3066);
#1936=PLANE('',#3071);
#1937=PLANE('',#3072);
#1938=PLANE('',#3073);
#1939=PLANE('',#3078);
#1940=PLANE('',#3079);
#1941=PLANE('',#3080);
#1942=PLANE('',#3081);
#1943=PLANE('',#3082);
#1944=PLANE('',#3087);
#1945=PLANE('',#3094);
#1946=PLANE('',#3095);
#1947=PLANE('',#3096);
#1948=PLANE('',#3099);
#1949=PLANE('',#3100);
#1950=PLANE('',#3101);
#1951=PLANE('',#3104);
#1952=PLANE('',#3105);
#1953=PLANE('',#3106);
#1954=PLANE('',#3115);
#1955=PLANE('',#3116);
#1956=PLANE('',#3117);
#1957=PLANE('',#3118);
#1958=PLANE('',#3119);
#1959=PLANE('',#3124);
#1960=PLANE('',#3132);
#1961=PLANE('',#3179);
#1962=PLANE('',#3180);
#1963=PLANE('',#3181);
#1964=PLANE('',#3182);
#1965=PLANE('',#3183);
#1966=PLANE('',#3184);
#1967=PLANE('',#3185);
#1968=PLANE('',#3194);
#1969=PLANE('',#3207);
#1970=PLANE('',#3208);
#1971=PLANE('',#3209);
#1972=PLANE('',#3217);
#1973=PLANE('',#3219);
#1974=PLANE('',#3220);
#1975=PLANE('',#3221);
#1976=PLANE('',#3222);
#1977=PLANE('',#3223);
#1978=PLANE('',#3224);
#1979=PLANE('',#3229);
#1980=PLANE('',#3232);
#1981=PLANE('',#3233);
#1982=PLANE('',#3263);
#1983=PLANE('',#3266);
#1984=PLANE('',#3269);
#1985=PLANE('',#3275);
#1986=PLANE('',#3276);
#1987=PLANE('',#3277);
#1988=STYLED_ITEM('',(#2118),#2902);
#1989=STYLED_ITEM('',(#2119),#2903);
#1990=STYLED_ITEM('',(#2120),#2904);
#1991=STYLED_ITEM('',(#2121),#2905);
#1992=STYLED_ITEM('',(#2122),#2906);
#1993=STYLED_ITEM('',(#2123),#2907);
#1994=STYLED_ITEM('',(#2124),#2908);
#1995=STYLED_ITEM('',(#2125),#2909);
#1996=STYLED_ITEM('',(#2126),#2910);
#1997=STYLED_ITEM('',(#2127),#2911);
#1998=STYLED_ITEM('',(#2128),#2912);
#1999=STYLED_ITEM('',(#2129),#2913);
#2000=STYLED_ITEM('',(#2130),#2914);
#2001=STYLED_ITEM('',(#2131),#2915);
#2002=STYLED_ITEM('',(#2132),#2916);
#2003=STYLED_ITEM('',(#2133),#2917);
#2004=STYLED_ITEM('',(#2134),#2918);
#2005=STYLED_ITEM('',(#2135),#2919);
#2006=STYLED_ITEM('',(#2136),#2920);
#2007=STYLED_ITEM('',(#2137),#2921);
#2008=STYLED_ITEM('',(#2138),#2922);
#2009=STYLED_ITEM('',(#2139),#2923);
#2010=STYLED_ITEM('',(#2140),#2924);
#2011=STYLED_ITEM('',(#2141),#2925);
#2012=STYLED_ITEM('',(#2142),#2926);
#2013=STYLED_ITEM('',(#2143),#2927);
#2014=STYLED_ITEM('',(#2144),#2928);
#2015=STYLED_ITEM('',(#2145),#2929);
#2016=STYLED_ITEM('',(#2146),#2930);
#2017=STYLED_ITEM('',(#2147),#2931);
#2018=STYLED_ITEM('',(#2148),#2932);
#2019=STYLED_ITEM('',(#2149),#2933);
#2020=STYLED_ITEM('',(#2150),#2934);
#2021=STYLED_ITEM('',(#2151),#2935);
#2022=STYLED_ITEM('',(#2152),#2936);
#2023=STYLED_ITEM('',(#2153),#2937);
#2024=STYLED_ITEM('',(#2154),#2938);
#2025=STYLED_ITEM('',(#2155),#2939);
#2026=STYLED_ITEM('',(#2156),#2940);
#2027=STYLED_ITEM('',(#2157),#2941);
#2028=STYLED_ITEM('',(#2158),#2942);
#2029=STYLED_ITEM('',(#2159),#2943);
#2030=STYLED_ITEM('',(#2160),#2944);
#2031=STYLED_ITEM('',(#2161),#2945);
#2032=STYLED_ITEM('',(#2162),#2946);
#2033=STYLED_ITEM('',(#2163),#2947);
#2034=STYLED_ITEM('',(#2164),#2948);
#2035=STYLED_ITEM('',(#2165),#2949);
#2036=STYLED_ITEM('',(#2166),#2950);
#2037=STYLED_ITEM('',(#2167),#2951);
#2038=STYLED_ITEM('',(#2168),#2952);
#2039=STYLED_ITEM('',(#2169),#2953);
#2040=STYLED_ITEM('',(#2170),#2954);
#2041=STYLED_ITEM('',(#2171),#2955);
#2042=STYLED_ITEM('',(#2172),#2956);
#2043=STYLED_ITEM('',(#2173),#2957);
#2044=STYLED_ITEM('',(#2174),#2958);
#2045=STYLED_ITEM('',(#2175),#2959);
#2046=STYLED_ITEM('',(#2176),#2960);
#2047=STYLED_ITEM('',(#2177),#2961);
#2048=STYLED_ITEM('',(#2178),#2962);
#2049=STYLED_ITEM('',(#2179),#2963);
#2050=STYLED_ITEM('',(#2180),#2964);
#2051=STYLED_ITEM('',(#2181),#2965);
#2052=STYLED_ITEM('',(#2182),#2966);
#2053=STYLED_ITEM('',(#2183),#2967);
#2054=STYLED_ITEM('',(#2184),#2968);
#2055=STYLED_ITEM('',(#2185),#2969);
#2056=STYLED_ITEM('',(#2186),#2970);
#2057=STYLED_ITEM('',(#2187),#2971);
#2058=STYLED_ITEM('',(#2188),#2972);
#2059=STYLED_ITEM('',(#2189),#2973);
#2060=STYLED_ITEM('',(#2190),#2974);
#2061=STYLED_ITEM('',(#2191),#2975);
#2062=STYLED_ITEM('',(#2192),#2976);
#2063=STYLED_ITEM('',(#2193),#2977);
#2064=STYLED_ITEM('',(#2194),#2978);
#2065=STYLED_ITEM('',(#2195),#2979);
#2066=STYLED_ITEM('',(#2196),#2980);
#2067=STYLED_ITEM('',(#2197),#2981);
#2068=STYLED_ITEM('',(#2198),#2982);
#2069=STYLED_ITEM('',(#2199),#2983);
#2070=STYLED_ITEM('',(#2200),#2984);
#2071=STYLED_ITEM('',(#2201),#2985);
#2072=STYLED_ITEM('',(#2202),#2986);
#2073=STYLED_ITEM('',(#2203),#2987);
#2074=STYLED_ITEM('',(#2204),#2988);
#2075=STYLED_ITEM('',(#2205),#2989);
#2076=STYLED_ITEM('',(#2206),#2990);
#2077=STYLED_ITEM('',(#2207),#2991);
#2078=STYLED_ITEM('',(#2208),#2992);
#2079=STYLED_ITEM('',(#2209),#2993);
#2080=STYLED_ITEM('',(#2210),#2994);
#2081=STYLED_ITEM('',(#2211),#2995);
#2082=STYLED_ITEM('',(#2212),#2996);
#2083=STYLED_ITEM('',(#2213),#2997);
#2084=STYLED_ITEM('',(#2214),#2998);
#2085=STYLED_ITEM('',(#2215),#2999);
#2086=STYLED_ITEM('',(#2216),#3000);
#2087=STYLED_ITEM('',(#2217),#3001);
#2088=STYLED_ITEM('',(#2218),#3002);
#2089=STYLED_ITEM('',(#2219),#3003);
#2090=STYLED_ITEM('',(#2220),#3004);
#2091=STYLED_ITEM('',(#2221),#3005);
#2092=STYLED_ITEM('',(#2222),#3006);
#2093=STYLED_ITEM('',(#2223),#3007);
#2094=STYLED_ITEM('',(#2224),#3008);
#2095=STYLED_ITEM('',(#2225),#3009);
#2096=STYLED_ITEM('',(#2226),#3010);
#2097=STYLED_ITEM('',(#2227),#3011);
#2098=STYLED_ITEM('',(#2228),#3012);
#2099=STYLED_ITEM('',(#2229),#3013);
#2100=STYLED_ITEM('',(#2230),#3014);
#2101=STYLED_ITEM('',(#2231),#3015);
#2102=STYLED_ITEM('',(#2232),#3016);
#2103=STYLED_ITEM('',(#2233),#3017);
#2104=STYLED_ITEM('',(#2234),#3018);
#2105=STYLED_ITEM('',(#2235),#3019);
#2106=STYLED_ITEM('',(#2236),#3020);
#2107=STYLED_ITEM('',(#2237),#3021);
#2108=STYLED_ITEM('',(#2238),#3022);
#2109=STYLED_ITEM('',(#2239),#3023);
#2110=STYLED_ITEM('',(#2240),#3024);
#2111=STYLED_ITEM('',(#2241),#3025);
#2112=STYLED_ITEM('',(#2242),#3026);
#2113=STYLED_ITEM('',(#2243),#3027);
#2114=STYLED_ITEM('',(#2244),#3028);
#2115=STYLED_ITEM('',(#2245),#3029);
#2116=STYLED_ITEM('',(#2246),#3030);
#2117=STYLED_ITEM('',(#2247),#3031);
#2118=PRESENTATION_STYLE_ASSIGNMENT((#2248));
#2119=PRESENTATION_STYLE_ASSIGNMENT((#2249));
#2120=PRESENTATION_STYLE_ASSIGNMENT((#2250));
#2121=PRESENTATION_STYLE_ASSIGNMENT((#2251));
#2122=PRESENTATION_STYLE_ASSIGNMENT((#2252));
#2123=PRESENTATION_STYLE_ASSIGNMENT((#2253));
#2124=PRESENTATION_STYLE_ASSIGNMENT((#2254));
#2125=PRESENTATION_STYLE_ASSIGNMENT((#2255));
#2126=PRESENTATION_STYLE_ASSIGNMENT((#2256));
#2127=PRESENTATION_STYLE_ASSIGNMENT((#2257));
#2128=PRESENTATION_STYLE_ASSIGNMENT((#2258));
#2129=PRESENTATION_STYLE_ASSIGNMENT((#2259));
#2130=PRESENTATION_STYLE_ASSIGNMENT((#2260));
#2131=PRESENTATION_STYLE_ASSIGNMENT((#2261));
#2132=PRESENTATION_STYLE_ASSIGNMENT((#2262));
#2133=PRESENTATION_STYLE_ASSIGNMENT((#2263));
#2134=PRESENTATION_STYLE_ASSIGNMENT((#2264));
#2135=PRESENTATION_STYLE_ASSIGNMENT((#2265));
#2136=PRESENTATION_STYLE_ASSIGNMENT((#2266));
#2137=PRESENTATION_STYLE_ASSIGNMENT((#2267));
#2138=PRESENTATION_STYLE_ASSIGNMENT((#2268));
#2139=PRESENTATION_STYLE_ASSIGNMENT((#2269));
#2140=PRESENTATION_STYLE_ASSIGNMENT((#2270));
#2141=PRESENTATION_STYLE_ASSIGNMENT((#2271));
#2142=PRESENTATION_STYLE_ASSIGNMENT((#2272));
#2143=PRESENTATION_STYLE_ASSIGNMENT((#2273));
#2144=PRESENTATION_STYLE_ASSIGNMENT((#2274));
#2145=PRESENTATION_STYLE_ASSIGNMENT((#2275));
#2146=PRESENTATION_STYLE_ASSIGNMENT((#2276));
#2147=PRESENTATION_STYLE_ASSIGNMENT((#2277));
#2148=PRESENTATION_STYLE_ASSIGNMENT((#2278));
#2149=PRESENTATION_STYLE_ASSIGNMENT((#2279));
#2150=PRESENTATION_STYLE_ASSIGNMENT((#2280));
#2151=PRESENTATION_STYLE_ASSIGNMENT((#2281));
#2152=PRESENTATION_STYLE_ASSIGNMENT((#2282));
#2153=PRESENTATION_STYLE_ASSIGNMENT((#2283));
#2154=PRESENTATION_STYLE_ASSIGNMENT((#2284));
#2155=PRESENTATION_STYLE_ASSIGNMENT((#2285));
#2156=PRESENTATION_STYLE_ASSIGNMENT((#2286));
#2157=PRESENTATION_STYLE_ASSIGNMENT((#2287));
#2158=PRESENTATION_STYLE_ASSIGNMENT((#2288));
#2159=PRESENTATION_STYLE_ASSIGNMENT((#2289));
#2160=PRESENTATION_STYLE_ASSIGNMENT((#2290));
#2161=PRESENTATION_STYLE_ASSIGNMENT((#2291));
#2162=PRESENTATION_STYLE_ASSIGNMENT((#2292));
#2163=PRESENTATION_STYLE_ASSIGNMENT((#2293));
#2164=PRESENTATION_STYLE_ASSIGNMENT((#2294));
#2165=PRESENTATION_STYLE_ASSIGNMENT((#2295));
#2166=PRESENTATION_STYLE_ASSIGNMENT((#2296));
#2167=PRESENTATION_STYLE_ASSIGNMENT((#2297));
#2168=PRESENTATION_STYLE_ASSIGNMENT((#2298));
#2169=PRESENTATION_STYLE_ASSIGNMENT((#2299));
#2170=PRESENTATION_STYLE_ASSIGNMENT((#2300));
#2171=PRESENTATION_STYLE_ASSIGNMENT((#2301));
#2172=PRESENTATION_STYLE_ASSIGNMENT((#2302));
#2173=PRESENTATION_STYLE_ASSIGNMENT((#2303));
#2174=PRESENTATION_STYLE_ASSIGNMENT((#2304));
#2175=PRESENTATION_STYLE_ASSIGNMENT((#2305));
#2176=PRESENTATION_STYLE_ASSIGNMENT((#2306));
#2177=PRESENTATION_STYLE_ASSIGNMENT((#2307));
#2178=PRESENTATION_STYLE_ASSIGNMENT((#2308));
#2179=PRESENTATION_STYLE_ASSIGNMENT((#2309));
#2180=PRESENTATION_STYLE_ASSIGNMENT((#2310));
#2181=PRESENTATION_STYLE_ASSIGNMENT((#2311));
#2182=PRESENTATION_STYLE_ASSIGNMENT((#2312));
#2183=PRESENTATION_STYLE_ASSIGNMENT((#2313));
#2184=PRESENTATION_STYLE_ASSIGNMENT((#2314));
#2185=PRESENTATION_STYLE_ASSIGNMENT((#2315));
#2186=PRESENTATION_STYLE_ASSIGNMENT((#2316));
#2187=PRESENTATION_STYLE_ASSIGNMENT((#2317));
#2188=PRESENTATION_STYLE_ASSIGNMENT((#2318));
#2189=PRESENTATION_STYLE_ASSIGNMENT((#2319));
#2190=PRESENTATION_STYLE_ASSIGNMENT((#2320));
#2191=PRESENTATION_STYLE_ASSIGNMENT((#2321));
#2192=PRESENTATION_STYLE_ASSIGNMENT((#2322));
#2193=PRESENTATION_STYLE_ASSIGNMENT((#2323));
#2194=PRESENTATION_STYLE_ASSIGNMENT((#2324));
#2195=PRESENTATION_STYLE_ASSIGNMENT((#2325));
#2196=PRESENTATION_STYLE_ASSIGNMENT((#2326));
#2197=PRESENTATION_STYLE_ASSIGNMENT((#2327));
#2198=PRESENTATION_STYLE_ASSIGNMENT((#2328));
#2199=PRESENTATION_STYLE_ASSIGNMENT((#2329));
#2200=PRESENTATION_STYLE_ASSIGNMENT((#2330));
#2201=PRESENTATION_STYLE_ASSIGNMENT((#2331));
#2202=PRESENTATION_STYLE_ASSIGNMENT((#2332));
#2203=PRESENTATION_STYLE_ASSIGNMENT((#2333));
#2204=PRESENTATION_STYLE_ASSIGNMENT((#2334));
#2205=PRESENTATION_STYLE_ASSIGNMENT((#2335));
#2206=PRESENTATION_STYLE_ASSIGNMENT((#2336));
#2207=PRESENTATION_STYLE_ASSIGNMENT((#2337));
#2208=PRESENTATION_STYLE_ASSIGNMENT((#2338));
#2209=PRESENTATION_STYLE_ASSIGNMENT((#2339));
#2210=PRESENTATION_STYLE_ASSIGNMENT((#2340));
#2211=PRESENTATION_STYLE_ASSIGNMENT((#2341));
#2212=PRESENTATION_STYLE_ASSIGNMENT((#2342));
#2213=PRESENTATION_STYLE_ASSIGNMENT((#2343));
#2214=PRESENTATION_STYLE_ASSIGNMENT((#2344));
#2215=PRESENTATION_STYLE_ASSIGNMENT((#2345));
#2216=PRESENTATION_STYLE_ASSIGNMENT((#2346));
#2217=PRESENTATION_STYLE_ASSIGNMENT((#2347));
#2218=PRESENTATION_STYLE_ASSIGNMENT((#2348));
#2219=PRESENTATION_STYLE_ASSIGNMENT((#2349));
#2220=PRESENTATION_STYLE_ASSIGNMENT((#2350));
#2221=PRESENTATION_STYLE_ASSIGNMENT((#2351));
#2222=PRESENTATION_STYLE_ASSIGNMENT((#2352));
#2223=PRESENTATION_STYLE_ASSIGNMENT((#2353));
#2224=PRESENTATION_STYLE_ASSIGNMENT((#2354));
#2225=PRESENTATION_STYLE_ASSIGNMENT((#2355));
#2226=PRESENTATION_STYLE_ASSIGNMENT((#2356));
#2227=PRESENTATION_STYLE_ASSIGNMENT((#2357));
#2228=PRESENTATION_STYLE_ASSIGNMENT((#2358));
#2229=PRESENTATION_STYLE_ASSIGNMENT((#2359));
#2230=PRESENTATION_STYLE_ASSIGNMENT((#2360));
#2231=PRESENTATION_STYLE_ASSIGNMENT((#2361));
#2232=PRESENTATION_STYLE_ASSIGNMENT((#2362));
#2233=PRESENTATION_STYLE_ASSIGNMENT((#2363));
#2234=PRESENTATION_STYLE_ASSIGNMENT((#2364));
#2235=PRESENTATION_STYLE_ASSIGNMENT((#2365));
#2236=PRESENTATION_STYLE_ASSIGNMENT((#2366));
#2237=PRESENTATION_STYLE_ASSIGNMENT((#2367));
#2238=PRESENTATION_STYLE_ASSIGNMENT((#2368));
#2239=PRESENTATION_STYLE_ASSIGNMENT((#2369));
#2240=PRESENTATION_STYLE_ASSIGNMENT((#2370));
#2241=PRESENTATION_STYLE_ASSIGNMENT((#2371));
#2242=PRESENTATION_STYLE_ASSIGNMENT((#2372));
#2243=PRESENTATION_STYLE_ASSIGNMENT((#2373));
#2244=PRESENTATION_STYLE_ASSIGNMENT((#2374));
#2245=PRESENTATION_STYLE_ASSIGNMENT((#2375));
#2246=PRESENTATION_STYLE_ASSIGNMENT((#2376));
#2247=PRESENTATION_STYLE_ASSIGNMENT((#2377));
#2248=SURFACE_STYLE_USAGE(.BOTH.,#2378);
#2249=SURFACE_STYLE_USAGE(.BOTH.,#2379);
#2250=SURFACE_STYLE_USAGE(.BOTH.,#2380);
#2251=SURFACE_STYLE_USAGE(.BOTH.,#2381);
#2252=SURFACE_STYLE_USAGE(.BOTH.,#2382);
#2253=SURFACE_STYLE_USAGE(.BOTH.,#2383);
#2254=SURFACE_STYLE_USAGE(.BOTH.,#2384);
#2255=SURFACE_STYLE_USAGE(.BOTH.,#2385);
#2256=SURFACE_STYLE_USAGE(.BOTH.,#2386);
#2257=SURFACE_STYLE_USAGE(.BOTH.,#2387);
#2258=SURFACE_STYLE_USAGE(.BOTH.,#2388);
#2259=SURFACE_STYLE_USAGE(.BOTH.,#2389);
#2260=SURFACE_STYLE_USAGE(.BOTH.,#2390);
#2261=SURFACE_STYLE_USAGE(.BOTH.,#2391);
#2262=SURFACE_STYLE_USAGE(.BOTH.,#2392);
#2263=SURFACE_STYLE_USAGE(.BOTH.,#2393);
#2264=SURFACE_STYLE_USAGE(.BOTH.,#2394);
#2265=SURFACE_STYLE_USAGE(.BOTH.,#2395);
#2266=SURFACE_STYLE_USAGE(.BOTH.,#2396);
#2267=SURFACE_STYLE_USAGE(.BOTH.,#2397);
#2268=SURFACE_STYLE_USAGE(.BOTH.,#2398);
#2269=SURFACE_STYLE_USAGE(.BOTH.,#2399);
#2270=SURFACE_STYLE_USAGE(.BOTH.,#2400);
#2271=SURFACE_STYLE_USAGE(.BOTH.,#2401);
#2272=SURFACE_STYLE_USAGE(.BOTH.,#2402);
#2273=SURFACE_STYLE_USAGE(.BOTH.,#2403);
#2274=SURFACE_STYLE_USAGE(.BOTH.,#2404);
#2275=SURFACE_STYLE_USAGE(.BOTH.,#2405);
#2276=SURFACE_STYLE_USAGE(.BOTH.,#2406);
#2277=SURFACE_STYLE_USAGE(.BOTH.,#2407);
#2278=SURFACE_STYLE_USAGE(.BOTH.,#2408);
#2279=SURFACE_STYLE_USAGE(.BOTH.,#2409);
#2280=SURFACE_STYLE_USAGE(.BOTH.,#2410);
#2281=SURFACE_STYLE_USAGE(.BOTH.,#2411);
#2282=SURFACE_STYLE_USAGE(.BOTH.,#2412);
#2283=SURFACE_STYLE_USAGE(.BOTH.,#2413);
#2284=SURFACE_STYLE_USAGE(.BOTH.,#2414);
#2285=SURFACE_STYLE_USAGE(.BOTH.,#2415);
#2286=SURFACE_STYLE_USAGE(.BOTH.,#2416);
#2287=SURFACE_STYLE_USAGE(.BOTH.,#2417);
#2288=SURFACE_STYLE_USAGE(.BOTH.,#2418);
#2289=SURFACE_STYLE_USAGE(.BOTH.,#2419);
#2290=SURFACE_STYLE_USAGE(.BOTH.,#2420);
#2291=SURFACE_STYLE_USAGE(.BOTH.,#2421);
#2292=SURFACE_STYLE_USAGE(.BOTH.,#2422);
#2293=SURFACE_STYLE_USAGE(.BOTH.,#2423);
#2294=SURFACE_STYLE_USAGE(.BOTH.,#2424);
#2295=SURFACE_STYLE_USAGE(.BOTH.,#2425);
#2296=SURFACE_STYLE_USAGE(.BOTH.,#2426);
#2297=SURFACE_STYLE_USAGE(.BOTH.,#2427);
#2298=SURFACE_STYLE_USAGE(.BOTH.,#2428);
#2299=SURFACE_STYLE_USAGE(.BOTH.,#2429);
#2300=SURFACE_STYLE_USAGE(.BOTH.,#2430);
#2301=SURFACE_STYLE_USAGE(.BOTH.,#2431);
#2302=SURFACE_STYLE_USAGE(.BOTH.,#2432);
#2303=SURFACE_STYLE_USAGE(.BOTH.,#2433);
#2304=SURFACE_STYLE_USAGE(.BOTH.,#2434);
#2305=SURFACE_STYLE_USAGE(.BOTH.,#2435);
#2306=SURFACE_STYLE_USAGE(.BOTH.,#2436);
#2307=SURFACE_STYLE_USAGE(.BOTH.,#2437);
#2308=SURFACE_STYLE_USAGE(.BOTH.,#2438);
#2309=SURFACE_STYLE_USAGE(.BOTH.,#2439);
#2310=SURFACE_STYLE_USAGE(.BOTH.,#2440);
#2311=SURFACE_STYLE_USAGE(.BOTH.,#2441);
#2312=SURFACE_STYLE_USAGE(.BOTH.,#2442);
#2313=SURFACE_STYLE_USAGE(.BOTH.,#2443);
#2314=SURFACE_STYLE_USAGE(.BOTH.,#2444);
#2315=SURFACE_STYLE_USAGE(.BOTH.,#2445);
#2316=SURFACE_STYLE_USAGE(.BOTH.,#2446);
#2317=SURFACE_STYLE_USAGE(.BOTH.,#2447);
#2318=SURFACE_STYLE_USAGE(.BOTH.,#2448);
#2319=SURFACE_STYLE_USAGE(.BOTH.,#2449);
#2320=SURFACE_STYLE_USAGE(.BOTH.,#2450);
#2321=SURFACE_STYLE_USAGE(.BOTH.,#2451);
#2322=SURFACE_STYLE_USAGE(.BOTH.,#2452);
#2323=SURFACE_STYLE_USAGE(.BOTH.,#2453);
#2324=SURFACE_STYLE_USAGE(.BOTH.,#2454);
#2325=SURFACE_STYLE_USAGE(.BOTH.,#2455);
#2326=SURFACE_STYLE_USAGE(.BOTH.,#2456);
#2327=SURFACE_STYLE_USAGE(.BOTH.,#2457);
#2328=SURFACE_STYLE_USAGE(.BOTH.,#2458);
#2329=SURFACE_STYLE_USAGE(.BOTH.,#2459);
#2330=SURFACE_STYLE_USAGE(.BOTH.,#2460);
#2331=SURFACE_STYLE_USAGE(.BOTH.,#2461);
#2332=SURFACE_STYLE_USAGE(.BOTH.,#2462);
#2333=SURFACE_STYLE_USAGE(.BOTH.,#2463);
#2334=SURFACE_STYLE_USAGE(.BOTH.,#2464);
#2335=SURFACE_STYLE_USAGE(.BOTH.,#2465);
#2336=SURFACE_STYLE_USAGE(.BOTH.,#2466);
#2337=SURFACE_STYLE_USAGE(.BOTH.,#2467);
#2338=SURFACE_STYLE_USAGE(.BOTH.,#2468);
#2339=SURFACE_STYLE_USAGE(.BOTH.,#2469);
#2340=SURFACE_STYLE_USAGE(.BOTH.,#2470);
#2341=SURFACE_STYLE_USAGE(.BOTH.,#2471);
#2342=SURFACE_STYLE_USAGE(.BOTH.,#2472);
#2343=SURFACE_STYLE_USAGE(.BOTH.,#2473);
#2344=SURFACE_STYLE_USAGE(.BOTH.,#2474);
#2345=SURFACE_STYLE_USAGE(.BOTH.,#2475);
#2346=SURFACE_STYLE_USAGE(.BOTH.,#2476);
#2347=SURFACE_STYLE_USAGE(.BOTH.,#2477);
#2348=SURFACE_STYLE_USAGE(.BOTH.,#2478);
#2349=SURFACE_STYLE_USAGE(.BOTH.,#2479);
#2350=SURFACE_STYLE_USAGE(.BOTH.,#2480);
#2351=SURFACE_STYLE_USAGE(.BOTH.,#2481);
#2352=SURFACE_STYLE_USAGE(.BOTH.,#2482);
#2353=SURFACE_STYLE_USAGE(.BOTH.,#2483);
#2354=SURFACE_STYLE_USAGE(.BOTH.,#2484);
#2355=SURFACE_STYLE_USAGE(.BOTH.,#2485);
#2356=SURFACE_STYLE_USAGE(.BOTH.,#2486);
#2357=SURFACE_STYLE_USAGE(.BOTH.,#2487);
#2358=SURFACE_STYLE_USAGE(.BOTH.,#2488);
#2359=SURFACE_STYLE_USAGE(.BOTH.,#2489);
#2360=SURFACE_STYLE_USAGE(.BOTH.,#2490);
#2361=SURFACE_STYLE_USAGE(.BOTH.,#2491);
#2362=SURFACE_STYLE_USAGE(.BOTH.,#2492);
#2363=SURFACE_STYLE_USAGE(.BOTH.,#2493);
#2364=SURFACE_STYLE_USAGE(.BOTH.,#2494);
#2365=SURFACE_STYLE_USAGE(.BOTH.,#2495);
#2366=SURFACE_STYLE_USAGE(.BOTH.,#2496);
#2367=SURFACE_STYLE_USAGE(.BOTH.,#2497);
#2368=SURFACE_STYLE_USAGE(.BOTH.,#2498);
#2369=SURFACE_STYLE_USAGE(.BOTH.,#2499);
#2370=SURFACE_STYLE_USAGE(.BOTH.,#2500);
#2371=SURFACE_STYLE_USAGE(.BOTH.,#2501);
#2372=SURFACE_STYLE_USAGE(.BOTH.,#2502);
#2373=SURFACE_STYLE_USAGE(.BOTH.,#2503);
#2374=SURFACE_STYLE_USAGE(.BOTH.,#2504);
#2375=SURFACE_STYLE_USAGE(.BOTH.,#2505);
#2376=SURFACE_STYLE_USAGE(.BOTH.,#2506);
#2377=SURFACE_STYLE_USAGE(.BOTH.,#2507);
#2378=SURFACE_SIDE_STYLE('',(#2508));
#2379=SURFACE_SIDE_STYLE('',(#2509));
#2380=SURFACE_SIDE_STYLE('',(#2510));
#2381=SURFACE_SIDE_STYLE('',(#2511));
#2382=SURFACE_SIDE_STYLE('',(#2512));
#2383=SURFACE_SIDE_STYLE('',(#2513));
#2384=SURFACE_SIDE_STYLE('',(#2514));
#2385=SURFACE_SIDE_STYLE('',(#2515));
#2386=SURFACE_SIDE_STYLE('',(#2516));
#2387=SURFACE_SIDE_STYLE('',(#2517));
#2388=SURFACE_SIDE_STYLE('',(#2518));
#2389=SURFACE_SIDE_STYLE('',(#2519));
#2390=SURFACE_SIDE_STYLE('',(#2520));
#2391=SURFACE_SIDE_STYLE('',(#2521));
#2392=SURFACE_SIDE_STYLE('',(#2522));
#2393=SURFACE_SIDE_STYLE('',(#2523));
#2394=SURFACE_SIDE_STYLE('',(#2524));
#2395=SURFACE_SIDE_STYLE('',(#2525));
#2396=SURFACE_SIDE_STYLE('',(#2526));
#2397=SURFACE_SIDE_STYLE('',(#2527));
#2398=SURFACE_SIDE_STYLE('',(#2528));
#2399=SURFACE_SIDE_STYLE('',(#2529));
#2400=SURFACE_SIDE_STYLE('',(#2530));
#2401=SURFACE_SIDE_STYLE('',(#2531));
#2402=SURFACE_SIDE_STYLE('',(#2532));
#2403=SURFACE_SIDE_STYLE('',(#2533));
#2404=SURFACE_SIDE_STYLE('',(#2534));
#2405=SURFACE_SIDE_STYLE('',(#2535));
#2406=SURFACE_SIDE_STYLE('',(#2536));
#2407=SURFACE_SIDE_STYLE('',(#2537));
#2408=SURFACE_SIDE_STYLE('',(#2538));
#2409=SURFACE_SIDE_STYLE('',(#2539));
#2410=SURFACE_SIDE_STYLE('',(#2540));
#2411=SURFACE_SIDE_STYLE('',(#2541));
#2412=SURFACE_SIDE_STYLE('',(#2542));
#2413=SURFACE_SIDE_STYLE('',(#2543));
#2414=SURFACE_SIDE_STYLE('',(#2544));
#2415=SURFACE_SIDE_STYLE('',(#2545));
#2416=SURFACE_SIDE_STYLE('',(#2546));
#2417=SURFACE_SIDE_STYLE('',(#2547));
#2418=SURFACE_SIDE_STYLE('',(#2548));
#2419=SURFACE_SIDE_STYLE('',(#2549));
#2420=SURFACE_SIDE_STYLE('',(#2550));
#2421=SURFACE_SIDE_STYLE('',(#2551));
#2422=SURFACE_SIDE_STYLE('',(#2552));
#2423=SURFACE_SIDE_STYLE('',(#2553));
#2424=SURFACE_SIDE_STYLE('',(#2554));
#2425=SURFACE_SIDE_STYLE('',(#2555));
#2426=SURFACE_SIDE_STYLE('',(#2556));
#2427=SURFACE_SIDE_STYLE('',(#2557));
#2428=SURFACE_SIDE_STYLE('',(#2558));
#2429=SURFACE_SIDE_STYLE('',(#2559));
#2430=SURFACE_SIDE_STYLE('',(#2560));
#2431=SURFACE_SIDE_STYLE('',(#2561));
#2432=SURFACE_SIDE_STYLE('',(#2562));
#2433=SURFACE_SIDE_STYLE('',(#2563));
#2434=SURFACE_SIDE_STYLE('',(#2564));
#2435=SURFACE_SIDE_STYLE('',(#2565));
#2436=SURFACE_SIDE_STYLE('',(#2566));
#2437=SURFACE_SIDE_STYLE('',(#2567));
#2438=SURFACE_SIDE_STYLE('',(#2568));
#2439=SURFACE_SIDE_STYLE('',(#2569));
#2440=SURFACE_SIDE_STYLE('',(#2570));
#2441=SURFACE_SIDE_STYLE('',(#2571));
#2442=SURFACE_SIDE_STYLE('',(#2572));
#2443=SURFACE_SIDE_STYLE('',(#2573));
#2444=SURFACE_SIDE_STYLE('',(#2574));
#2445=SURFACE_SIDE_STYLE('',(#2575));
#2446=SURFACE_SIDE_STYLE('',(#2576));
#2447=SURFACE_SIDE_STYLE('',(#2577));
#2448=SURFACE_SIDE_STYLE('',(#2578));
#2449=SURFACE_SIDE_STYLE('',(#2579));
#2450=SURFACE_SIDE_STYLE('',(#2580));
#2451=SURFACE_SIDE_STYLE('',(#2581));
#2452=SURFACE_SIDE_STYLE('',(#2582));
#2453=SURFACE_SIDE_STYLE('',(#2583));
#2454=SURFACE_SIDE_STYLE('',(#2584));
#2455=SURFACE_SIDE_STYLE('',(#2585));
#2456=SURFACE_SIDE_STYLE('',(#2586));
#2457=SURFACE_SIDE_STYLE('',(#2587));
#2458=SURFACE_SIDE_STYLE('',(#2588));
#2459=SURFACE_SIDE_STYLE('',(#2589));
#2460=SURFACE_SIDE_STYLE('',(#2590));
#2461=SURFACE_SIDE_STYLE('',(#2591));
#2462=SURFACE_SIDE_STYLE('',(#2592));
#2463=SURFACE_SIDE_STYLE('',(#2593));
#2464=SURFACE_SIDE_STYLE('',(#2594));
#2465=SURFACE_SIDE_STYLE('',(#2595));
#2466=SURFACE_SIDE_STYLE('',(#2596));
#2467=SURFACE_SIDE_STYLE('',(#2597));
#2468=SURFACE_SIDE_STYLE('',(#2598));
#2469=SURFACE_SIDE_STYLE('',(#2599));
#2470=SURFACE_SIDE_STYLE('',(#2600));
#2471=SURFACE_SIDE_STYLE('',(#2601));
#2472=SURFACE_SIDE_STYLE('',(#2602));
#2473=SURFACE_SIDE_STYLE('',(#2603));
#2474=SURFACE_SIDE_STYLE('',(#2604));
#2475=SURFACE_SIDE_STYLE('',(#2605));
#2476=SURFACE_SIDE_STYLE('',(#2606));
#2477=SURFACE_SIDE_STYLE('',(#2607));
#2478=SURFACE_SIDE_STYLE('',(#2608));
#2479=SURFACE_SIDE_STYLE('',(#2609));
#2480=SURFACE_SIDE_STYLE('',(#2610));
#2481=SURFACE_SIDE_STYLE('',(#2611));
#2482=SURFACE_SIDE_STYLE('',(#2612));
#2483=SURFACE_SIDE_STYLE('',(#2613));
#2484=SURFACE_SIDE_STYLE('',(#2614));
#2485=SURFACE_SIDE_STYLE('',(#2615));
#2486=SURFACE_SIDE_STYLE('',(#2616));
#2487=SURFACE_SIDE_STYLE('',(#2617));
#2488=SURFACE_SIDE_STYLE('',(#2618));
#2489=SURFACE_SIDE_STYLE('',(#2619));
#2490=SURFACE_SIDE_STYLE('',(#2620));
#2491=SURFACE_SIDE_STYLE('',(#2621));
#2492=SURFACE_SIDE_STYLE('',(#2622));
#2493=SURFACE_SIDE_STYLE('',(#2623));
#2494=SURFACE_SIDE_STYLE('',(#2624));
#2495=SURFACE_SIDE_STYLE('',(#2625));
#2496=SURFACE_SIDE_STYLE('',(#2626));
#2497=SURFACE_SIDE_STYLE('',(#2627));
#2498=SURFACE_SIDE_STYLE('',(#2628));
#2499=SURFACE_SIDE_STYLE('',(#2629));
#2500=SURFACE_SIDE_STYLE('',(#2630));
#2501=SURFACE_SIDE_STYLE('',(#2631));
#2502=SURFACE_SIDE_STYLE('',(#2632));
#2503=SURFACE_SIDE_STYLE('',(#2633));
#2504=SURFACE_SIDE_STYLE('',(#2634));
#2505=SURFACE_SIDE_STYLE('',(#2635));
#2506=SURFACE_SIDE_STYLE('',(#2636));
#2507=SURFACE_SIDE_STYLE('',(#2637));
#2508=SURFACE_STYLE_FILL_AREA(#2638);
#2509=SURFACE_STYLE_FILL_AREA(#2639);
#2510=SURFACE_STYLE_FILL_AREA(#2640);
#2511=SURFACE_STYLE_FILL_AREA(#2641);
#2512=SURFACE_STYLE_FILL_AREA(#2642);
#2513=SURFACE_STYLE_FILL_AREA(#2643);
#2514=SURFACE_STYLE_FILL_AREA(#2644);
#2515=SURFACE_STYLE_FILL_AREA(#2645);
#2516=SURFACE_STYLE_FILL_AREA(#2646);
#2517=SURFACE_STYLE_FILL_AREA(#2647);
#2518=SURFACE_STYLE_FILL_AREA(#2648);
#2519=SURFACE_STYLE_FILL_AREA(#2649);
#2520=SURFACE_STYLE_FILL_AREA(#2650);
#2521=SURFACE_STYLE_FILL_AREA(#2651);
#2522=SURFACE_STYLE_FILL_AREA(#2652);
#2523=SURFACE_STYLE_FILL_AREA(#2653);
#2524=SURFACE_STYLE_FILL_AREA(#2654);
#2525=SURFACE_STYLE_FILL_AREA(#2655);
#2526=SURFACE_STYLE_FILL_AREA(#2656);
#2527=SURFACE_STYLE_FILL_AREA(#2657);
#2528=SURFACE_STYLE_FILL_AREA(#2658);
#2529=SURFACE_STYLE_FILL_AREA(#2659);
#2530=SURFACE_STYLE_FILL_AREA(#2660);
#2531=SURFACE_STYLE_FILL_AREA(#2661);
#2532=SURFACE_STYLE_FILL_AREA(#2662);
#2533=SURFACE_STYLE_FILL_AREA(#2663);
#2534=SURFACE_STYLE_FILL_AREA(#2664);
#2535=SURFACE_STYLE_FILL_AREA(#2665);
#2536=SURFACE_STYLE_FILL_AREA(#2666);
#2537=SURFACE_STYLE_FILL_AREA(#2667);
#2538=SURFACE_STYLE_FILL_AREA(#2668);
#2539=SURFACE_STYLE_FILL_AREA(#2669);
#2540=SURFACE_STYLE_FILL_AREA(#2670);
#2541=SURFACE_STYLE_FILL_AREA(#2671);
#2542=SURFACE_STYLE_FILL_AREA(#2672);
#2543=SURFACE_STYLE_FILL_AREA(#2673);
#2544=SURFACE_STYLE_FILL_AREA(#2674);
#2545=SURFACE_STYLE_FILL_AREA(#2675);
#2546=SURFACE_STYLE_FILL_AREA(#2676);
#2547=SURFACE_STYLE_FILL_AREA(#2677);
#2548=SURFACE_STYLE_FILL_AREA(#2678);
#2549=SURFACE_STYLE_FILL_AREA(#2679);
#2550=SURFACE_STYLE_FILL_AREA(#2680);
#2551=SURFACE_STYLE_FILL_AREA(#2681);
#2552=SURFACE_STYLE_FILL_AREA(#2682);
#2553=SURFACE_STYLE_FILL_AREA(#2683);
#2554=SURFACE_STYLE_FILL_AREA(#2684);
#2555=SURFACE_STYLE_FILL_AREA(#2685);
#2556=SURFACE_STYLE_FILL_AREA(#2686);
#2557=SURFACE_STYLE_FILL_AREA(#2687);
#2558=SURFACE_STYLE_FILL_AREA(#2688);
#2559=SURFACE_STYLE_FILL_AREA(#2689);
#2560=SURFACE_STYLE_FILL_AREA(#2690);
#2561=SURFACE_STYLE_FILL_AREA(#2691);
#2562=SURFACE_STYLE_FILL_AREA(#2692);
#2563=SURFACE_STYLE_FILL_AREA(#2693);
#2564=SURFACE_STYLE_FILL_AREA(#2694);
#2565=SURFACE_STYLE_FILL_AREA(#2695);
#2566=SURFACE_STYLE_FILL_AREA(#2696);
#2567=SURFACE_STYLE_FILL_AREA(#2697);
#2568=SURFACE_STYLE_FILL_AREA(#2698);
#2569=SURFACE_STYLE_FILL_AREA(#2699);
#2570=SURFACE_STYLE_FILL_AREA(#2700);
#2571=SURFACE_STYLE_FILL_AREA(#2701);
#2572=SURFACE_STYLE_FILL_AREA(#2702);
#2573=SURFACE_STYLE_FILL_AREA(#2703);
#2574=SURFACE_STYLE_FILL_AREA(#2704);
#2575=SURFACE_STYLE_FILL_AREA(#2705);
#2576=SURFACE_STYLE_FILL_AREA(#2706);
#2577=SURFACE_STYLE_FILL_AREA(#2707);
#2578=SURFACE_STYLE_FILL_AREA(#2708);
#2579=SURFACE_STYLE_FILL_AREA(#2709);
#2580=SURFACE_STYLE_FILL_AREA(#2710);
#2581=SURFACE_STYLE_FILL_AREA(#2711);
#2582=SURFACE_STYLE_FILL_AREA(#2712);
#2583=SURFACE_STYLE_FILL_AREA(#2713);
#2584=SURFACE_STYLE_FILL_AREA(#2714);
#2585=SURFACE_STYLE_FILL_AREA(#2715);
#2586=SURFACE_STYLE_FILL_AREA(#2716);
#2587=SURFACE_STYLE_FILL_AREA(#2717);
#2588=SURFACE_STYLE_FILL_AREA(#2718);
#2589=SURFACE_STYLE_FILL_AREA(#2719);
#2590=SURFACE_STYLE_FILL_AREA(#2720);
#2591=SURFACE_STYLE_FILL_AREA(#2721);
#2592=SURFACE_STYLE_FILL_AREA(#2722);
#2593=SURFACE_STYLE_FILL_AREA(#2723);
#2594=SURFACE_STYLE_FILL_AREA(#2724);
#2595=SURFACE_STYLE_FILL_AREA(#2725);
#2596=SURFACE_STYLE_FILL_AREA(#2726);
#2597=SURFACE_STYLE_FILL_AREA(#2727);
#2598=SURFACE_STYLE_FILL_AREA(#2728);
#2599=SURFACE_STYLE_FILL_AREA(#2729);
#2600=SURFACE_STYLE_FILL_AREA(#2730);
#2601=SURFACE_STYLE_FILL_AREA(#2731);
#2602=SURFACE_STYLE_FILL_AREA(#2732);
#2603=SURFACE_STYLE_FILL_AREA(#2733);
#2604=SURFACE_STYLE_FILL_AREA(#2734);
#2605=SURFACE_STYLE_FILL_AREA(#2735);
#2606=SURFACE_STYLE_FILL_AREA(#2736);
#2607=SURFACE_STYLE_FILL_AREA(#2737);
#2608=SURFACE_STYLE_FILL_AREA(#2738);
#2609=SURFACE_STYLE_FILL_AREA(#2739);
#2610=SURFACE_STYLE_FILL_AREA(#2740);
#2611=SURFACE_STYLE_FILL_AREA(#2741);
#2612=SURFACE_STYLE_FILL_AREA(#2742);
#2613=SURFACE_STYLE_FILL_AREA(#2743);
#2614=SURFACE_STYLE_FILL_AREA(#2744);
#2615=SURFACE_STYLE_FILL_AREA(#2745);
#2616=SURFACE_STYLE_FILL_AREA(#2746);
#2617=SURFACE_STYLE_FILL_AREA(#2747);
#2618=SURFACE_STYLE_FILL_AREA(#2748);
#2619=SURFACE_STYLE_FILL_AREA(#2749);
#2620=SURFACE_STYLE_FILL_AREA(#2750);
#2621=SURFACE_STYLE_FILL_AREA(#2751);
#2622=SURFACE_STYLE_FILL_AREA(#2752);
#2623=SURFACE_STYLE_FILL_AREA(#2753);
#2624=SURFACE_STYLE_FILL_AREA(#2754);
#2625=SURFACE_STYLE_FILL_AREA(#2755);
#2626=SURFACE_STYLE_FILL_AREA(#2756);
#2627=SURFACE_STYLE_FILL_AREA(#2757);
#2628=SURFACE_STYLE_FILL_AREA(#2758);
#2629=SURFACE_STYLE_FILL_AREA(#2759);
#2630=SURFACE_STYLE_FILL_AREA(#2760);
#2631=SURFACE_STYLE_FILL_AREA(#2761);
#2632=SURFACE_STYLE_FILL_AREA(#2762);
#2633=SURFACE_STYLE_FILL_AREA(#2763);
#2634=SURFACE_STYLE_FILL_AREA(#2764);
#2635=SURFACE_STYLE_FILL_AREA(#2765);
#2636=SURFACE_STYLE_FILL_AREA(#2766);
#2637=SURFACE_STYLE_FILL_AREA(#2767);
#2638=FILL_AREA_STYLE('',(#2768));
#2639=FILL_AREA_STYLE('',(#2769));
#2640=FILL_AREA_STYLE('',(#2770));
#2641=FILL_AREA_STYLE('',(#2771));
#2642=FILL_AREA_STYLE('',(#2772));
#2643=FILL_AREA_STYLE('',(#2773));
#2644=FILL_AREA_STYLE('',(#2774));
#2645=FILL_AREA_STYLE('',(#2775));
#2646=FILL_AREA_STYLE('',(#2776));
#2647=FILL_AREA_STYLE('',(#2777));
#2648=FILL_AREA_STYLE('',(#2778));
#2649=FILL_AREA_STYLE('',(#2779));
#2650=FILL_AREA_STYLE('',(#2780));
#2651=FILL_AREA_STYLE('',(#2781));
#2652=FILL_AREA_STYLE('',(#2782));
#2653=FILL_AREA_STYLE('',(#2783));
#2654=FILL_AREA_STYLE('',(#2784));
#2655=FILL_AREA_STYLE('',(#2785));
#2656=FILL_AREA_STYLE('',(#2786));
#2657=FILL_AREA_STYLE('',(#2787));
#2658=FILL_AREA_STYLE('',(#2788));
#2659=FILL_AREA_STYLE('',(#2789));
#2660=FILL_AREA_STYLE('',(#2790));
#2661=FILL_AREA_STYLE('',(#2791));
#2662=FILL_AREA_STYLE('',(#2792));
#2663=FILL_AREA_STYLE('',(#2793));
#2664=FILL_AREA_STYLE('',(#2794));
#2665=FILL_AREA_STYLE('',(#2795));
#2666=FILL_AREA_STYLE('',(#2796));
#2667=FILL_AREA_STYLE('',(#2797));
#2668=FILL_AREA_STYLE('',(#2798));
#2669=FILL_AREA_STYLE('',(#2799));
#2670=FILL_AREA_STYLE('',(#2800));
#2671=FILL_AREA_STYLE('',(#2801));
#2672=FILL_AREA_STYLE('',(#2802));
#2673=FILL_AREA_STYLE('',(#2803));
#2674=FILL_AREA_STYLE('',(#2804));
#2675=FILL_AREA_STYLE('',(#2805));
#2676=FILL_AREA_STYLE('',(#2806));
#2677=FILL_AREA_STYLE('',(#2807));
#2678=FILL_AREA_STYLE('',(#2808));
#2679=FILL_AREA_STYLE('',(#2809));
#2680=FILL_AREA_STYLE('',(#2810));
#2681=FILL_AREA_STYLE('',(#2811));
#2682=FILL_AREA_STYLE('',(#2812));
#2683=FILL_AREA_STYLE('',(#2813));
#2684=FILL_AREA_STYLE('',(#2814));
#2685=FILL_AREA_STYLE('',(#2815));
#2686=FILL_AREA_STYLE('',(#2816));
#2687=FILL_AREA_STYLE('',(#2817));
#2688=FILL_AREA_STYLE('',(#2818));
#2689=FILL_AREA_STYLE('',(#2819));
#2690=FILL_AREA_STYLE('',(#2820));
#2691=FILL_AREA_STYLE('',(#2821));
#2692=FILL_AREA_STYLE('',(#2822));
#2693=FILL_AREA_STYLE('',(#2823));
#2694=FILL_AREA_STYLE('',(#2824));
#2695=FILL_AREA_STYLE('',(#2825));
#2696=FILL_AREA_STYLE('',(#2826));
#2697=FILL_AREA_STYLE('',(#2827));
#2698=FILL_AREA_STYLE('',(#2828));
#2699=FILL_AREA_STYLE('',(#2829));
#2700=FILL_AREA_STYLE('',(#2830));
#2701=FILL_AREA_STYLE('',(#2831));
#2702=FILL_AREA_STYLE('',(#2832));
#2703=FILL_AREA_STYLE('',(#2833));
#2704=FILL_AREA_STYLE('',(#2834));
#2705=FILL_AREA_STYLE('',(#2835));
#2706=FILL_AREA_STYLE('',(#2836));
#2707=FILL_AREA_STYLE('',(#2837));
#2708=FILL_AREA_STYLE('',(#2838));
#2709=FILL_AREA_STYLE('',(#2839));
#2710=FILL_AREA_STYLE('',(#2840));
#2711=FILL_AREA_STYLE('',(#2841));
#2712=FILL_AREA_STYLE('',(#2842));
#2713=FILL_AREA_STYLE('',(#2843));
#2714=FILL_AREA_STYLE('',(#2844));
#2715=FILL_AREA_STYLE('',(#2845));
#2716=FILL_AREA_STYLE('',(#2846));
#2717=FILL_AREA_STYLE('',(#2847));
#2718=FILL_AREA_STYLE('',(#2848));
#2719=FILL_AREA_STYLE('',(#2849));
#2720=FILL_AREA_STYLE('',(#2850));
#2721=FILL_AREA_STYLE('',(#2851));
#2722=FILL_AREA_STYLE('',(#2852));
#2723=FILL_AREA_STYLE('',(#2853));
#2724=FILL_AREA_STYLE('',(#2854));
#2725=FILL_AREA_STYLE('',(#2855));
#2726=FILL_AREA_STYLE('',(#2856));
#2727=FILL_AREA_STYLE('',(#2857));
#2728=FILL_AREA_STYLE('',(#2858));
#2729=FILL_AREA_STYLE('',(#2859));
#2730=FILL_AREA_STYLE('',(#2860));
#2731=FILL_AREA_STYLE('',(#2861));
#2732=FILL_AREA_STYLE('',(#2862));
#2733=FILL_AREA_STYLE('',(#2863));
#2734=FILL_AREA_STYLE('',(#2864));
#2735=FILL_AREA_STYLE('',(#2865));
#2736=FILL_AREA_STYLE('',(#2866));
#2737=FILL_AREA_STYLE('',(#2867));
#2738=FILL_AREA_STYLE('',(#2868));
#2739=FILL_AREA_STYLE('',(#2869));
#2740=FILL_AREA_STYLE('',(#2870));
#2741=FILL_AREA_STYLE('',(#2871));
#2742=FILL_AREA_STYLE('',(#2872));
#2743=FILL_AREA_STYLE('',(#2873));
#2744=FILL_AREA_STYLE('',(#2874));
#2745=FILL_AREA_STYLE('',(#2875));
#2746=FILL_AREA_STYLE('',(#2876));
#2747=FILL_AREA_STYLE('',(#2877));
#2748=FILL_AREA_STYLE('',(#2878));
#2749=FILL_AREA_STYLE('',(#2879));
#2750=FILL_AREA_STYLE('',(#2880));
#2751=FILL_AREA_STYLE('',(#2881));
#2752=FILL_AREA_STYLE('',(#2882));
#2753=FILL_AREA_STYLE('',(#2883));
#2754=FILL_AREA_STYLE('',(#2884));
#2755=FILL_AREA_STYLE('',(#2885));
#2756=FILL_AREA_STYLE('',(#2886));
#2757=FILL_AREA_STYLE('',(#2887));
#2758=FILL_AREA_STYLE('',(#2888));
#2759=FILL_AREA_STYLE('',(#2889));
#2760=FILL_AREA_STYLE('',(#2890));
#2761=FILL_AREA_STYLE('',(#2891));
#2762=FILL_AREA_STYLE('',(#2892));
#2763=FILL_AREA_STYLE('',(#2893));
#2764=FILL_AREA_STYLE('',(#2894));
#2765=FILL_AREA_STYLE('',(#2895));
#2766=FILL_AREA_STYLE('',(#2896));
#2767=FILL_AREA_STYLE('',(#2897));
#2768=FILL_AREA_STYLE_COLOUR('',#2898);
#2769=FILL_AREA_STYLE_COLOUR('',#2898);
#2770=FILL_AREA_STYLE_COLOUR('',#2898);
#2771=FILL_AREA_STYLE_COLOUR('',#2898);
#2772=FILL_AREA_STYLE_COLOUR('',#2898);
#2773=FILL_AREA_STYLE_COLOUR('',#2898);
#2774=FILL_AREA_STYLE_COLOUR('',#2898);
#2775=FILL_AREA_STYLE_COLOUR('',#2899);
#2776=FILL_AREA_STYLE_COLOUR('',#2898);
#2777=FILL_AREA_STYLE_COLOUR('',#2898);
#2778=FILL_AREA_STYLE_COLOUR('',#2898);
#2779=FILL_AREA_STYLE_COLOUR('',#2898);
#2780=FILL_AREA_STYLE_COLOUR('',#2898);
#2781=FILL_AREA_STYLE_COLOUR('',#2898);
#2782=FILL_AREA_STYLE_COLOUR('',#2898);
#2783=FILL_AREA_STYLE_COLOUR('',#2898);
#2784=FILL_AREA_STYLE_COLOUR('',#2898);
#2785=FILL_AREA_STYLE_COLOUR('',#2898);
#2786=FILL_AREA_STYLE_COLOUR('',#2898);
#2787=FILL_AREA_STYLE_COLOUR('',#2898);
#2788=FILL_AREA_STYLE_COLOUR('',#2898);
#2789=FILL_AREA_STYLE_COLOUR('',#2898);
#2790=FILL_AREA_STYLE_COLOUR('',#2898);
#2791=FILL_AREA_STYLE_COLOUR('',#2898);
#2792=FILL_AREA_STYLE_COLOUR('',#2898);
#2793=FILL_AREA_STYLE_COLOUR('',#2898);
#2794=FILL_AREA_STYLE_COLOUR('',#2898);
#2795=FILL_AREA_STYLE_COLOUR('',#2898);
#2796=FILL_AREA_STYLE_COLOUR('',#2898);
#2797=FILL_AREA_STYLE_COLOUR('',#2898);
#2798=FILL_AREA_STYLE_COLOUR('',#2898);
#2799=FILL_AREA_STYLE_COLOUR('',#2898);
#2800=FILL_AREA_STYLE_COLOUR('',#2898);
#2801=FILL_AREA_STYLE_COLOUR('',#2898);
#2802=FILL_AREA_STYLE_COLOUR('',#2898);
#2803=FILL_AREA_STYLE_COLOUR('',#2898);
#2804=FILL_AREA_STYLE_COLOUR('',#2898);
#2805=FILL_AREA_STYLE_COLOUR('',#2898);
#2806=FILL_AREA_STYLE_COLOUR('',#2898);
#2807=FILL_AREA_STYLE_COLOUR('',#2898);
#2808=FILL_AREA_STYLE_COLOUR('',#2898);
#2809=FILL_AREA_STYLE_COLOUR('',#2898);
#2810=FILL_AREA_STYLE_COLOUR('',#2898);
#2811=FILL_AREA_STYLE_COLOUR('',#2898);
#2812=FILL_AREA_STYLE_COLOUR('',#2898);
#2813=FILL_AREA_STYLE_COLOUR('',#2898);
#2814=FILL_AREA_STYLE_COLOUR('',#2898);
#2815=FILL_AREA_STYLE_COLOUR('',#2898);
#2816=FILL_AREA_STYLE_COLOUR('',#2898);
#2817=FILL_AREA_STYLE_COLOUR('',#2898);
#2818=FILL_AREA_STYLE_COLOUR('',#2898);
#2819=FILL_AREA_STYLE_COLOUR('',#2898);
#2820=FILL_AREA_STYLE_COLOUR('',#2898);
#2821=FILL_AREA_STYLE_COLOUR('',#2898);
#2822=FILL_AREA_STYLE_COLOUR('',#2898);
#2823=FILL_AREA_STYLE_COLOUR('',#2898);
#2824=FILL_AREA_STYLE_COLOUR('',#2898);
#2825=FILL_AREA_STYLE_COLOUR('',#2898);
#2826=FILL_AREA_STYLE_COLOUR('',#2898);
#2827=FILL_AREA_STYLE_COLOUR('',#2898);
#2828=FILL_AREA_STYLE_COLOUR('',#2898);
#2829=FILL_AREA_STYLE_COLOUR('',#2898);
#2830=FILL_AREA_STYLE_COLOUR('',#2898);
#2831=FILL_AREA_STYLE_COLOUR('',#2898);
#2832=FILL_AREA_STYLE_COLOUR('',#2898);
#2833=FILL_AREA_STYLE_COLOUR('',#2898);
#2834=FILL_AREA_STYLE_COLOUR('',#2898);
#2835=FILL_AREA_STYLE_COLOUR('',#2898);
#2836=FILL_AREA_STYLE_COLOUR('',#2898);
#2837=FILL_AREA_STYLE_COLOUR('',#2898);
#2838=FILL_AREA_STYLE_COLOUR('',#2898);
#2839=FILL_AREA_STYLE_COLOUR('',#2898);
#2840=FILL_AREA_STYLE_COLOUR('',#2898);
#2841=FILL_AREA_STYLE_COLOUR('',#2898);
#2842=FILL_AREA_STYLE_COLOUR('',#2898);
#2843=FILL_AREA_STYLE_COLOUR('',#2898);
#2844=FILL_AREA_STYLE_COLOUR('',#2898);
#2845=FILL_AREA_STYLE_COLOUR('',#2898);
#2846=FILL_AREA_STYLE_COLOUR('',#2898);
#2847=FILL_AREA_STYLE_COLOUR('',#2898);
#2848=FILL_AREA_STYLE_COLOUR('',#2898);
#2849=FILL_AREA_STYLE_COLOUR('',#2898);
#2850=FILL_AREA_STYLE_COLOUR('',#2898);
#2851=FILL_AREA_STYLE_COLOUR('',#2898);
#2852=FILL_AREA_STYLE_COLOUR('',#2898);
#2853=FILL_AREA_STYLE_COLOUR('',#2898);
#2854=FILL_AREA_STYLE_COLOUR('',#2898);
#2855=FILL_AREA_STYLE_COLOUR('',#2898);
#2856=FILL_AREA_STYLE_COLOUR('',#2898);
#2857=FILL_AREA_STYLE_COLOUR('',#2898);
#2858=FILL_AREA_STYLE_COLOUR('',#2898);
#2859=FILL_AREA_STYLE_COLOUR('',#2898);
#2860=FILL_AREA_STYLE_COLOUR('',#2898);
#2861=FILL_AREA_STYLE_COLOUR('',#2898);
#2862=FILL_AREA_STYLE_COLOUR('',#2898);
#2863=FILL_AREA_STYLE_COLOUR('',#2900);
#2864=FILL_AREA_STYLE_COLOUR('',#2900);
#2865=FILL_AREA_STYLE_COLOUR('',#2900);
#2866=FILL_AREA_STYLE_COLOUR('',#2900);
#2867=FILL_AREA_STYLE_COLOUR('',#2900);
#2868=FILL_AREA_STYLE_COLOUR('',#2898);
#2869=FILL_AREA_STYLE_COLOUR('',#2898);
#2870=FILL_AREA_STYLE_COLOUR('',#2898);
#2871=FILL_AREA_STYLE_COLOUR('',#2898);
#2872=FILL_AREA_STYLE_COLOUR('',#2898);
#2873=FILL_AREA_STYLE_COLOUR('',#2898);
#2874=FILL_AREA_STYLE_COLOUR('',#2898);
#2875=FILL_AREA_STYLE_COLOUR('',#2898);
#2876=FILL_AREA_STYLE_COLOUR('',#2898);
#2877=FILL_AREA_STYLE_COLOUR('',#2898);
#2878=FILL_AREA_STYLE_COLOUR('',#2898);
#2879=FILL_AREA_STYLE_COLOUR('',#2898);
#2880=FILL_AREA_STYLE_COLOUR('',#2898);
#2881=FILL_AREA_STYLE_COLOUR('',#2898);
#2882=FILL_AREA_STYLE_COLOUR('',#2898);
#2883=FILL_AREA_STYLE_COLOUR('',#2898);
#2884=FILL_AREA_STYLE_COLOUR('',#2898);
#2885=FILL_AREA_STYLE_COLOUR('',#2898);
#2886=FILL_AREA_STYLE_COLOUR('',#2898);
#2887=FILL_AREA_STYLE_COLOUR('',#2899);
#2888=FILL_AREA_STYLE_COLOUR('',#2898);
#2889=FILL_AREA_STYLE_COLOUR('',#2899);
#2890=FILL_AREA_STYLE_COLOUR('',#2898);
#2891=FILL_AREA_STYLE_COLOUR('',#2899);
#2892=FILL_AREA_STYLE_COLOUR('',#2898);
#2893=FILL_AREA_STYLE_COLOUR('',#2898);
#2894=FILL_AREA_STYLE_COLOUR('',#2898);
#2895=FILL_AREA_STYLE_COLOUR('',#2901);
#2896=FILL_AREA_STYLE_COLOUR('',#2898);
#2897=FILL_AREA_STYLE_COLOUR('',#2898);
#2898=COLOUR_RGB('',0.87058824300766,0.633254885673523,0.172549024224281);
#2899=COLOUR_RGB('',0.200000002980232,0.200000002980232,0.200000002980232);
#2900=COLOUR_RGB('',0.39215686917305,0.600000023841858,0.39215686917305);
#2901=COLOUR_RGB('',0.949999988079071,0.949999988079071,0.949999988079071);
#2902=ADVANCED_FACE('',(#1772),#1928,.F.);
#2903=ADVANCED_FACE('',(#1773,#1774),#1929,.T.);
#2904=ADVANCED_FACE('',(#1775),#1930,.F.);
#2905=ADVANCED_FACE('',(#1776),#1931,.F.);
#2906=ADVANCED_FACE('',(#1777,#1778,#1779,#1780,#1781),#1932,.F.);
#2907=ADVANCED_FACE('',(#1782,#1783,#1784),#1933,.F.);
#2908=ADVANCED_FACE('',(#1785),#1934,.F.);
#2909=ADVANCED_FACE('',(#1786),#1935,.T.);
#2910=ADVANCED_FACE('',(#1787),#1936,.F.);
#2911=ADVANCED_FACE('',(#1788),#1937,.F.);
#2912=ADVANCED_FACE('',(#1789),#1938,.T.);
#2913=ADVANCED_FACE('',(#1790),#54,.T.);
#2914=ADVANCED_FACE('',(#1791),#55,.T.);
#2915=ADVANCED_FACE('',(#1792),#1939,.F.);
#2916=ADVANCED_FACE('',(#1793),#1940,.T.);
#2917=ADVANCED_FACE('',(#1794),#1941,.T.);
#2918=ADVANCED_FACE('',(#1795),#1942,.F.);
#2919=ADVANCED_FACE('',(#1796,#1797),#1943,.T.);
#2920=ADVANCED_FACE('',(#1798),#1944,.F.);
#2921=ADVANCED_FACE('',(#1799),#56,.T.);
#2922=ADVANCED_FACE('',(#1800),#57,.T.);
#2923=ADVANCED_FACE('',(#1801),#58,.F.);
#2924=ADVANCED_FACE('',(#1802),#59,.F.);
#2925=ADVANCED_FACE('',(#1803),#1945,.F.);
#2926=ADVANCED_FACE('',(#1804),#1946,.F.);
#2927=ADVANCED_FACE('',(#1805),#1947,.T.);
#2928=ADVANCED_FACE('',(#1806),#1948,.F.);
#2929=ADVANCED_FACE('',(#1807),#1949,.F.);
#2930=ADVANCED_FACE('',(#1808),#1950,.T.);
#2931=ADVANCED_FACE('',(#1809),#1951,.F.);
#2932=ADVANCED_FACE('',(#1810),#1952,.F.);
#2933=ADVANCED_FACE('',(#1811),#1953,.T.);
#2934=ADVANCED_FACE('',(#1812),#60,.T.);
#2935=ADVANCED_FACE('',(#1813),#61,.T.);
#2936=ADVANCED_FACE('',(#1814),#62,.T.);
#2937=ADVANCED_FACE('',(#1815),#63,.T.);
#2938=ADVANCED_FACE('',(#1816),#64,.T.);
#2939=ADVANCED_FACE('',(#1817),#65,.T.);
#2940=ADVANCED_FACE('',(#1818),#1954,.F.);
#2941=ADVANCED_FACE('',(#1819),#1955,.T.);
#2942=ADVANCED_FACE('',(#1820),#1956,.T.);
#2943=ADVANCED_FACE('',(#1821),#1957,.F.);
#2944=ADVANCED_FACE('',(#1822,#1823),#1958,.T.);
#2945=ADVANCED_FACE('',(#1824,#1825),#1959,.F.);
#2946=ADVANCED_FACE('',(#1826),#66,.T.);
#2947=ADVANCED_FACE('',(#1827),#67,.T.);
#2948=ADVANCED_FACE('',(#1828),#68,.F.);
#2949=ADVANCED_FACE('',(#1829),#69,.F.);
#2950=ADVANCED_FACE('',(#1830),#1960,.F.);
#2951=ADVANCED_FACE('',(#1831,#1832),#70,.F.);
#2952=ADVANCED_FACE('',(#1833),#71,.T.);
#2953=ADVANCED_FACE('',(#1834),#72,.T.);
#2954=ADVANCED_FACE('',(#1835),#73,.T.);
#2955=ADVANCED_FACE('',(#1836),#74,.T.);
#2956=ADVANCED_FACE('',(#1837),#43,.T.);
#2957=ADVANCED_FACE('',(#1838),#75,.T.);
#2958=ADVANCED_FACE('',(#1839),#76,.T.);
#2959=ADVANCED_FACE('',(#1840),#44,.T.);
#2960=ADVANCED_FACE('',(#1841),#45,.T.);
#2961=ADVANCED_FACE('',(#1842),#77,.T.);
#2962=ADVANCED_FACE('',(#1843),#78,.T.);
#2963=ADVANCED_FACE('',(#1844),#46,.T.);
#2964=ADVANCED_FACE('',(#1845),#47,.T.);
#2965=ADVANCED_FACE('',(#1846),#79,.T.);
#2966=ADVANCED_FACE('',(#1847),#80,.T.);
#2967=ADVANCED_FACE('',(#1848),#48,.T.);
#2968=ADVANCED_FACE('',(#1849),#49,.T.);
#2969=ADVANCED_FACE('',(#1850),#81,.T.);
#2970=ADVANCED_FACE('',(#1851),#82,.T.);
#2971=ADVANCED_FACE('',(#1852),#50,.T.);
#2972=ADVANCED_FACE('',(#1853),#1961,.F.);
#2973=ADVANCED_FACE('',(#1854),#1962,.T.);
#2974=ADVANCED_FACE('',(#1855),#1963,.T.);
#2975=ADVANCED_FACE('',(#1856),#1964,.T.);
#2976=ADVANCED_FACE('',(#1857),#1965,.T.);
#2977=ADVANCED_FACE('',(#1858),#1966,.F.);
#2978=ADVANCED_FACE('',(#1859,#1860),#1967,.T.);
#2979=ADVANCED_FACE('',(#1861),#83,.T.);
#2980=ADVANCED_FACE('',(#1862),#84,.T.);
#2981=ADVANCED_FACE('',(#1863,#1864),#1968,.F.);
#2982=ADVANCED_FACE('',(#1865),#85,.T.);
#2983=ADVANCED_FACE('',(#1866),#86,.T.);
#2984=ADVANCED_FACE('',(#1867),#87,.T.);
#2985=ADVANCED_FACE('',(#1868),#88,.T.);
#2986=ADVANCED_FACE('',(#1869),#89,.F.);
#2987=ADVANCED_FACE('',(#1870),#90,.F.);
#2988=ADVANCED_FACE('',(#1871),#1969,.F.);
#2989=ADVANCED_FACE('',(#1872),#1970,.F.);
#2990=ADVANCED_FACE('',(#1873,#1874),#1971,.T.);
#2991=ADVANCED_FACE('',(#1875),#91,.F.);
#2992=ADVANCED_FACE('',(#1876),#92,.F.);
#2993=ADVANCED_FACE('',(#1877),#93,.F.);
#2994=ADVANCED_FACE('',(#1878),#1972,.F.);
#2995=ADVANCED_FACE('',(#1879),#94,.F.);
#2996=ADVANCED_FACE('',(#1880),#1973,.F.);
#2997=ADVANCED_FACE('',(#1881),#1974,.F.);
#2998=ADVANCED_FACE('',(#1882),#1975,.F.);
#2999=ADVANCED_FACE('',(#1883),#1976,.F.);
#3000=ADVANCED_FACE('',(#1884),#1977,.F.);
#3001=ADVANCED_FACE('',(#1885),#1978,.T.);
#3002=ADVANCED_FACE('',(#1886),#95,.T.);
#3003=ADVANCED_FACE('',(#1887),#96,.T.);
#3004=ADVANCED_FACE('',(#1888),#1979,.T.);
#3005=ADVANCED_FACE('',(#1889),#97,.T.);
#3006=ADVANCED_FACE('',(#1890),#1980,.T.);
#3007=ADVANCED_FACE('',(#1891,#1892,#1893,#1894,#1895,#1896),#1981,.T.);
#3008=ADVANCED_FACE('',(#1897),#20,.T.);
#3009=ADVANCED_FACE('',(#1898),#21,.T.);
#3010=ADVANCED_FACE('',(#1899),#98,.F.);
#3011=ADVANCED_FACE('',(#1900),#22,.T.);
#3012=ADVANCED_FACE('',(#1901),#23,.T.);
#3013=ADVANCED_FACE('',(#1902),#99,.F.);
#3014=ADVANCED_FACE('',(#1903),#51,.F.);
#3015=ADVANCED_FACE('',(#1904),#24,.T.);
#3016=ADVANCED_FACE('',(#1905),#100,.F.);
#3017=ADVANCED_FACE('',(#1906),#52,.F.);
#3018=ADVANCED_FACE('',(#1907),#53,.F.);
#3019=ADVANCED_FACE('',(#1908),#101,.F.);
#3020=ADVANCED_FACE('',(#1909,#1910),#102,.T.);
#3021=ADVANCED_FACE('',(#1911),#1982,.F.);
#3022=ADVANCED_FACE('',(#1912,#1913),#103,.T.);
#3023=ADVANCED_FACE('',(#1914),#1983,.F.);
#3024=ADVANCED_FACE('',(#1915,#1916),#104,.T.);
#3025=ADVANCED_FACE('',(#1917),#1984,.F.);
#3026=ADVANCED_FACE('',(#1918,#1919),#105,.T.);
#3027=ADVANCED_FACE('',(#1920,#1921),#106,.F.);
#3028=ADVANCED_FACE('',(#1922,#1923),#1985,.F.);
#3029=ADVANCED_FACE('',(#1924),#1986,.T.);
#3030=ADVANCED_FACE('',(#1925),#1987,.F.);
#3031=ADVANCED_FACE('',(#1926,#1927),#107,.F.);
#3032=CLOSED_SHELL('',(#2902,#2903,#2904,#2905,#2906,#2907,#2908,#2909,
#2910,#2911,#2912,#2913,#2914,#2915,#2916,#2917,#2918,#2919,#2920,#2921,
#2922,#2923,#2924,#2925,#2926,#2927,#2928,#2929,#2930,#2931,#2932,#2933,
#2934,#2935,#2936,#2937,#2938,#2939,#2940,#2941,#2942,#2943,#2944,#2945,
#2946,#2947,#2948,#2949,#2950,#2951,#2952,#2953,#2954,#2955,#2956,#2957,
#2958,#2959,#2960,#2961,#2962,#2963,#2964,#2965,#2966,#2967,#2968,#2969,
#2970,#2971,#2972,#2973,#2974,#2975,#2976,#2977,#2978,#2979,#2980,#2981,
#2982,#2983,#2984,#2985,#2986,#2987,#2988,#2989,#2990,#2991,#2992,#2993,
#2994,#2995,#2996,#2997,#2998,#2999,#3000,#3001,#3002,#3003,#3004,#3005,
#3006,#3007,#3008,#3009,#3010,#3011,#3012,#3013,#3014,#3015,#3016,#3017,
#3018,#3019,#3020,#3021,#3022,#3023,#3024,#3025,#3026,#3027,#3028,#3029,
#3030,#3031));
#3033=MANIFOLD_SOLID_BREP('',#3032);
#3034=SHAPE_DEFINITION_REPRESENTATION(#4673,#3035);
#3035=SHAPE_REPRESENTATION('iPhone 16 Pro',(#3036),#4668);
#3036=AXIS2_PLACEMENT_3D('',#3926,#3280,#3281);
#3037=AXIS2_PLACEMENT_3D('',#3927,#3282,#3283);
#3038=AXIS2_PLACEMENT_3D('',#3931,#3285,#3286);
#3039=AXIS2_PLACEMENT_3D('',#3935,#3288,#3289);
#3040=AXIS2_PLACEMENT_3D('',#3939,#3291,#3292);
#3041=AXIS2_PLACEMENT_3D('',#3943,#3294,#3295);
#3042=AXIS2_PLACEMENT_3D('',#3947,#3297,#3298);
#3043=AXIS2_PLACEMENT_3D('',#3951,#3300,#3301);
#3044=AXIS2_PLACEMENT_3D('',#3952,#3302,#3303);
#3045=AXIS2_PLACEMENT_3D('',#3953,#3304,#3305);
#3046=AXIS2_PLACEMENT_3D('',#3958,#3307,#3308);
#3047=AXIS2_PLACEMENT_3D('',#3969,#3314,#3315);
#3048=AXIS2_PLACEMENT_3D('',#3970,#3316,#3317);
#3049=AXIS2_PLACEMENT_3D('',#3978,#3321,#3322);
#3050=AXIS2_PLACEMENT_3D('',#3982,#3324,#3325);
#3051=AXIS2_PLACEMENT_3D('',#3987,#3328,#3329);
#3052=AXIS2_PLACEMENT_3D('',#3991,#3331,#3332);
#3053=AXIS2_PLACEMENT_3D('',#3995,#3334,#3335);
#3054=AXIS2_PLACEMENT_3D('',#3996,#3336,#3337);
#3055=AXIS2_PLACEMENT_3D('',#4001,#3339,#3340);
#3056=AXIS2_PLACEMENT_3D('',#4012,#3346,#3347);
#3057=AXIS2_PLACEMENT_3D('',#4017,#3349,#3350);
#3058=AXIS2_PLACEMENT_3D('',#4023,#3353,#3354);
#3059=AXIS2_PLACEMENT_3D('',#4027,#3356,#3357);
#3060=AXIS2_PLACEMENT_3D('',#4028,#3358,#3359);
#3061=AXIS2_PLACEMENT_3D('',#4032,#3361,#3362);
#3062=AXIS2_PLACEMENT_3D('',#4036,#3364,#3365);
#3063=AXIS2_PLACEMENT_3D('',#4045,#3370,#3371);
#3064=AXIS2_PLACEMENT_3D('',#4050,#3373,#3374);
#3065=AXIS2_PLACEMENT_3D('',#4053,#3376,#3377);
#3066=AXIS2_PLACEMENT_3D('',#4062,#3382,#3383);
#3067=AXIS2_PLACEMENT_3D('',#4066,#3385,#3386);
#3068=AXIS2_PLACEMENT_3D('',#4070,#3388,#3389);
#3069=AXIS2_PLACEMENT_3D('',#4074,#3391,#3392);
#3070=AXIS2_PLACEMENT_3D('',#4078,#3394,#3395);
#3071=AXIS2_PLACEMENT_3D('',#4079,#3396,#3397);
#3072=AXIS2_PLACEMENT_3D('',#4085,#3401,#3402);
#3073=AXIS2_PLACEMENT_3D('',#4091,#3406,#3407);
#3074=AXIS2_PLACEMENT_3D('',#4092,#3408,#3409);
#3075=AXIS2_PLACEMENT_3D('',#4093,#3410,#3411);
#3076=AXIS2_PLACEMENT_3D('',#4094,#3412,#3413);
#3077=AXIS2_PLACEMENT_3D('',#4095,#3414,#3415);
#3078=AXIS2_PLACEMENT_3D('',#4096,#3416,#3417);
#3079=AXIS2_PLACEMENT_3D('',#4102,#3421,#3422);
#3080=AXIS2_PLACEMENT_3D('',#4111,#3427,#3428);
#3081=AXIS2_PLACEMENT_3D('',#4120,#3433,#3434);
#3082=AXIS2_PLACEMENT_3D('',#4126,#3438,#3439);
#3083=AXIS2_PLACEMENT_3D('',#4127,#3440,#3441);
#3084=AXIS2_PLACEMENT_3D('',#4128,#3442,#3443);
#3085=AXIS2_PLACEMENT_3D('',#4129,#3444,#3445);
#3086=AXIS2_PLACEMENT_3D('',#4130,#3446,#3447);
#3087=AXIS2_PLACEMENT_3D('',#4131,#3448,#3449);
#3088=AXIS2_PLACEMENT_3D('',#4132,#3450,#3451);
#3089=AXIS2_PLACEMENT_3D('',#4133,#3452,#3453);
#3090=AXIS2_PLACEMENT_3D('',#4134,#3454,#3455);
#3091=AXIS2_PLACEMENT_3D('',#4135,#3456,#3457);
#3092=AXIS2_PLACEMENT_3D('',#4136,#3458,#3459);
#3093=AXIS2_PLACEMENT_3D('',#4137,#3460,#3461);
#3094=AXIS2_PLACEMENT_3D('',#4138,#3462,#3463);
#3095=AXIS2_PLACEMENT_3D('',#4144,#3467,#3468);
#3096=AXIS2_PLACEMENT_3D('',#4150,#3472,#3473);
#3097=AXIS2_PLACEMENT_3D('',#4151,#3474,#3475);
#3098=AXIS2_PLACEMENT_3D('',#4152,#3476,#3477);
#3099=AXIS2_PLACEMENT_3D('',#4153,#3478,#3479);
#3100=AXIS2_PLACEMENT_3D('',#4159,#3483,#3484);
#3101=AXIS2_PLACEMENT_3D('',#4165,#3488,#3489);
#3102=AXIS2_PLACEMENT_3D('',#4166,#3490,#3491);
#3103=AXIS2_PLACEMENT_3D('',#4167,#3492,#3493);
#3104=AXIS2_PLACEMENT_3D('',#4168,#3494,#3495);
#3105=AXIS2_PLACEMENT_3D('',#4174,#3499,#3500);
#3106=AXIS2_PLACEMENT_3D('',#4180,#3504,#3505);
#3107=AXIS2_PLACEMENT_3D('',#4181,#3506,#3507);
#3108=AXIS2_PLACEMENT_3D('',#4182,#3508,#3509);
#3109=AXIS2_PLACEMENT_3D('',#4183,#3510,#3511);
#3110=AXIS2_PLACEMENT_3D('',#4184,#3512,#3513);
#3111=AXIS2_PLACEMENT_3D('',#4185,#3514,#3515);
#3112=AXIS2_PLACEMENT_3D('',#4186,#3516,#3517);
#3113=AXIS2_PLACEMENT_3D('',#4187,#3518,#3519);
#3114=AXIS2_PLACEMENT_3D('',#4188,#3520,#3521);
#3115=AXIS2_PLACEMENT_3D('',#4189,#3522,#3523);
#3116=AXIS2_PLACEMENT_3D('',#4195,#3527,#3528);
#3117=AXIS2_PLACEMENT_3D('',#4204,#3533,#3534);
#3118=AXIS2_PLACEMENT_3D('',#4213,#3539,#3540);
#3119=AXIS2_PLACEMENT_3D('',#4219,#3544,#3545);
#3120=AXIS2_PLACEMENT_3D('',#4220,#3546,#3547);
#3121=AXIS2_PLACEMENT_3D('',#4221,#3548,#3549);
#3122=AXIS2_PLACEMENT_3D('',#4222,#3550,#3551);
#3123=AXIS2_PLACEMENT_3D('',#4223,#3552,#3553);
#3124=AXIS2_PLACEMENT_3D('',#4224,#3554,#3555);
#3125=AXIS2_PLACEMENT_3D('',#4225,#3556,#3557);
#3126=AXIS2_PLACEMENT_3D('',#4227,#3558,#3559);
#3127=AXIS2_PLACEMENT_3D('',#4228,#3560,#3561);
#3128=AXIS2_PLACEMENT_3D('',#4229,#3562,#3563);
#3129=AXIS2_PLACEMENT_3D('',#4230,#3564,#3565);
#3130=AXIS2_PLACEMENT_3D('',#4231,#3566,#3567);
#3131=AXIS2_PLACEMENT_3D('',#4232,#3568,#3569);
#3132=AXIS2_PLACEMENT_3D('',#4233,#3570,#3571);
#3133=AXIS2_PLACEMENT_3D('',#4234,#3572,#3573);
#3134=AXIS2_PLACEMENT_3D('',#4236,#3574,#3575);
#3135=AXIS2_PLACEMENT_3D('',#4237,#3576,#3577);
#3136=AXIS2_PLACEMENT_3D('',#4238,#3578,#3579);
#3137=AXIS2_PLACEMENT_3D('',#4239,#3580,#3581);
#3138=AXIS2_PLACEMENT_3D('',#4240,#3582,#3583);
#3139=AXIS2_PLACEMENT_3D('',#4241,#3584,#3585);
#3140=AXIS2_PLACEMENT_3D('',#4242,#3586,#3587);
#3141=AXIS2_PLACEMENT_3D('',#4243,#3588,#3589);
#3142=AXIS2_PLACEMENT_3D('',#4244,#3590,#3591);
#3143=AXIS2_PLACEMENT_3D('',#4245,#3592,#3593);
#3144=AXIS2_PLACEMENT_3D('',#4246,#3594,#3595);
#3145=AXIS2_PLACEMENT_3D('',#4247,#3596,#3597);
#3146=AXIS2_PLACEMENT_3D('',#4248,#3598,#3599);
#3147=AXIS2_PLACEMENT_3D('',#4249,#3600,#3601);
#3148=AXIS2_PLACEMENT_3D('',#4250,#3602,#3603);
#3149=AXIS2_PLACEMENT_3D('',#4251,#3604,#3605);
#3150=AXIS2_PLACEMENT_3D('',#4252,#3606,#3607);
#3151=AXIS2_PLACEMENT_3D('',#4264,#3609,#3610);
#3152=AXIS2_PLACEMENT_3D('',#4265,#3611,#3612);
#3153=AXIS2_PLACEMENT_3D('',#4266,#3613,#3614);
#3154=AXIS2_PLACEMENT_3D('',#4267,#3615,#3616);
#3155=AXIS2_PLACEMENT_3D('',#4268,#3617,#3618);
#3156=AXIS2_PLACEMENT_3D('',#4269,#3619,#3620);
#3157=AXIS2_PLACEMENT_3D('',#4270,#3621,#3622);
#3158=AXIS2_PLACEMENT_3D('',#4271,#3623,#3624);
#3159=AXIS2_PLACEMENT_3D('',#4272,#3625,#3626);
#3160=AXIS2_PLACEMENT_3D('',#4273,#3627,#3628);
#3161=AXIS2_PLACEMENT_3D('',#4274,#3629,#3630);
#3162=AXIS2_PLACEMENT_3D('',#4275,#3631,#3632);
#3163=AXIS2_PLACEMENT_3D('',#4276,#3633,#3634);
#3164=AXIS2_PLACEMENT_3D('',#4277,#3635,#3636);
#3165=AXIS2_PLACEMENT_3D('',#4278,#3637,#3638);
#3166=AXIS2_PLACEMENT_3D('',#4279,#3639,#3640);
#3167=AXIS2_PLACEMENT_3D('',#4280,#3641,#3642);
#3168=AXIS2_PLACEMENT_3D('',#4281,#3643,#3644);
#3169=AXIS2_PLACEMENT_3D('',#4289,#3646,#3647);
#3170=AXIS2_PLACEMENT_3D('',#4294,#3648,#3649);
#3171=AXIS2_PLACEMENT_3D('',#4295,#3650,#3651);
#3172=AXIS2_PLACEMENT_3D('',#4296,#3652,#3653);
#3173=AXIS2_PLACEMENT_3D('',#4297,#3654,#3655);
#3174=AXIS2_PLACEMENT_3D('',#4298,#3656,#3657);
#3175=AXIS2_PLACEMENT_3D('',#4306,#3659,#3660);
#3176=AXIS2_PLACEMENT_3D('',#4307,#3661,#3662);
#3177=AXIS2_PLACEMENT_3D('',#4315,#3664,#3665);
#3178=AXIS2_PLACEMENT_3D('',#4316,#3666,#3667);
#3179=AXIS2_PLACEMENT_3D('',#4334,#3668,#3669);
#3180=AXIS2_PLACEMENT_3D('',#4340,#3673,#3674);
#3181=AXIS2_PLACEMENT_3D('',#4349,#3679,#3680);
#3182=AXIS2_PLACEMENT_3D('',#4358,#3685,#3686);
#3183=AXIS2_PLACEMENT_3D('',#4367,#3691,#3692);
#3184=AXIS2_PLACEMENT_3D('',#4376,#3697,#3698);
#3185=AXIS2_PLACEMENT_3D('',#4382,#3702,#3703);
#3186=AXIS2_PLACEMENT_3D('',#4383,#3704,#3705);
#3187=AXIS2_PLACEMENT_3D('',#4384,#3706,#3707);
#3188=AXIS2_PLACEMENT_3D('',#4385,#3708,#3709);
#3189=AXIS2_PLACEMENT_3D('',#4386,#3710,#3711);
#3190=AXIS2_PLACEMENT_3D('',#4387,#3712,#3713);
#3191=AXIS2_PLACEMENT_3D('',#4388,#3714,#3715);
#3192=AXIS2_PLACEMENT_3D('',#4389,#3716,#3717);
#3193=AXIS2_PLACEMENT_3D('',#4401,#3719,#3720);
#3194=AXIS2_PLACEMENT_3D('',#4413,#3722,#3723);
#3195=AXIS2_PLACEMENT_3D('',#4417,#3725,#3726);
#3196=AXIS2_PLACEMENT_3D('',#4421,#3728,#3729);
#3197=AXIS2_PLACEMENT_3D('',#4422,#3730,#3731);
#3198=AXIS2_PLACEMENT_3D('',#4423,#3732,#3733);
#3199=AXIS2_PLACEMENT_3D('',#4424,#3734,#3735);
#3200=AXIS2_PLACEMENT_3D('',#4425,#3736,#3737);
#3201=AXIS2_PLACEMENT_3D('',#4426,#3738,#3739);
#3202=AXIS2_PLACEMENT_3D('',#4427,#3740,#3741);
#3203=AXIS2_PLACEMENT_3D('',#4428,#3742,#3743);
#3204=AXIS2_PLACEMENT_3D('',#4429,#3744,#3745);
#3205=AXIS2_PLACEMENT_3D('',#4430,#3746,#3747);
#3206=AXIS2_PLACEMENT_3D('',#4431,#3748,#3749);
#3207=AXIS2_PLACEMENT_3D('',#4432,#3750,#3751);
#3208=AXIS2_PLACEMENT_3D('',#4438,#3755,#3756);
#3209=AXIS2_PLACEMENT_3D('',#4444,#3760,#3761);
#3210=AXIS2_PLACEMENT_3D('',#4445,#3762,#3763);
#3211=AXIS2_PLACEMENT_3D('',#4450,#3765,#3766);
#3212=AXIS2_PLACEMENT_3D('',#4453,#3768,#3769);
#3213=AXIS2_PLACEMENT_3D('',#4454,#3770,#3771);
#3214=AXIS2_PLACEMENT_3D('',#4455,#3772,#3773);
#3215=AXIS2_PLACEMENT_3D('',#4456,#3774,#3775);
#3216=AXIS2_PLACEMENT_3D('',#4457,#3776,#3777);
#3217=AXIS2_PLACEMENT_3D('',#4460,#3780,#3781);
#3218=AXIS2_PLACEMENT_3D('',#4462,#3783,#3784);
#3219=AXIS2_PLACEMENT_3D('',#4464,#3786,#3787);
#3220=AXIS2_PLACEMENT_3D('',#4465,#3788,#3789);
#3221=AXIS2_PLACEMENT_3D('',#4471,#3793,#3794);
#3222=AXIS2_PLACEMENT_3D('',#4475,#3797,#3798);
#3223=AXIS2_PLACEMENT_3D('',#4479,#3801,#3802);
#3224=AXIS2_PLACEMENT_3D('',#4481,#3804,#3805);
#3225=AXIS2_PLACEMENT_3D('',#4482,#3806,#3807);
#3226=AXIS2_PLACEMENT_3D('',#4483,#3808,#3809);
#3227=AXIS2_PLACEMENT_3D('',#4492,#3811,#3812);
#3228=AXIS2_PLACEMENT_3D('',#4501,#3814,#3815);
#3229=AXIS2_PLACEMENT_3D('',#4502,#3816,#3817);
#3230=AXIS2_PLACEMENT_3D('',#4513,#3821,#3822);
#3231=AXIS2_PLACEMENT_3D('',#4524,#3824,#3825);
#3232=AXIS2_PLACEMENT_3D('',#4525,#3826,#3827);
#3233=AXIS2_PLACEMENT_3D('',#4533,#3830,#3831);
#3234=AXIS2_PLACEMENT_3D('',#4534,#3832,#3833);
#3235=AXIS2_PLACEMENT_3D('',#4536,#3834,#3835);
#3236=AXIS2_PLACEMENT_3D('',#4538,#3836,#3837);
#3237=AXIS2_PLACEMENT_3D('',#4540,#3838,#3839);
#3238=AXIS2_PLACEMENT_3D('',#4542,#3840,#3841);
#3239=AXIS2_PLACEMENT_3D('',#4544,#3842,#3843);
#3240=AXIS2_PLACEMENT_3D('',#4549,#3845,#3846);
#3241=AXIS2_PLACEMENT_3D('',#4550,#3847,#3848);
#3242=AXIS2_PLACEMENT_3D('',#4565,#3850,#3851);
#3243=AXIS2_PLACEMENT_3D('',#4566,#3852,#3853);
#3244=AXIS2_PLACEMENT_3D('',#4588,#3854,#3855);
#3245=AXIS2_PLACEMENT_3D('',#4589,#3856,#3857);
#3246=AXIS2_PLACEMENT_3D('',#4590,#3858,#3859);
#3247=AXIS2_PLACEMENT_3D('',#4603,#3860,#3861);
#3248=AXIS2_PLACEMENT_3D('',#4616,#3862,#3863);
#3249=AXIS2_PLACEMENT_3D('',#4617,#3864,#3865);
#3250=AXIS2_PLACEMENT_3D('',#4618,#3866,#3867);
#3251=AXIS2_PLACEMENT_3D('',#4619,#3868,#3869);
#3252=AXIS2_PLACEMENT_3D('',#4620,#3870,#3871);
#3253=AXIS2_PLACEMENT_3D('',#4633,#3872,#3873);
#3254=AXIS2_PLACEMENT_3D('',#4634,#3874,#3875);
#3255=AXIS2_PLACEMENT_3D('',#4635,#3876,#3877);
#3256=AXIS2_PLACEMENT_3D('',#4636,#3878,#3879);
#3257=AXIS2_PLACEMENT_3D('',#4637,#3880,#3881);
#3258=AXIS2_PLACEMENT_3D('',#4638,#3882,#3883);
#3259=AXIS2_PLACEMENT_3D('',#4639,#3884,#3885);
#3260=AXIS2_PLACEMENT_3D('',#4640,#3886,#3887);
#3261=AXIS2_PLACEMENT_3D('',#4641,#3888,#3889);
#3262=AXIS2_PLACEMENT_3D('',#4642,#3890,#3891);
#3263=AXIS2_PLACEMENT_3D('',#4644,#3892,#3893);
#3264=AXIS2_PLACEMENT_3D('',#4645,#3894,#3895);
#3265=AXIS2_PLACEMENT_3D('',#4646,#3896,#3897);
#3266=AXIS2_PLACEMENT_3D('',#4648,#3898,#3899);
#3267=AXIS2_PLACEMENT_3D('',#4649,#3900,#3901);
#3268=AXIS2_PLACEMENT_3D('',#4650,#3902,#3903);
#3269=AXIS2_PLACEMENT_3D('',#4652,#3904,#3905);
#3270=AXIS2_PLACEMENT_3D('',#4653,#3906,#3907);
#3271=AXIS2_PLACEMENT_3D('',#4654,#3908,#3909);
#3272=AXIS2_PLACEMENT_3D('',#4656,#3910,#3911);
#3273=AXIS2_PLACEMENT_3D('',#4658,#3912,#3913);
#3274=AXIS2_PLACEMENT_3D('',#4659,#3914,#3915);
#3275=AXIS2_PLACEMENT_3D('',#4661,#3916,#3917);
#3276=AXIS2_PLACEMENT_3D('',#4662,#3918,#3919);
#3277=AXIS2_PLACEMENT_3D('',#4663,#3920,#3921);
#3278=AXIS2_PLACEMENT_3D('',#4664,#3922,#3923);
#3279=AXIS2_PLACEMENT_3D('',#4666,#3924,#3925);
#3280=DIRECTION('',(0.,0.,1.));
#3281=DIRECTION('',(1.,0.,0.));
#3282=DIRECTION('',(0.,-1.,0.));
#3283=DIRECTION('',(0.,0.,-1.));
#3284=DIRECTION('',(-1.,0.,1.43484158476163E-16));
#3285=DIRECTION('',(0.,-1.,0.));
#3286=DIRECTION('',(0.,0.,-1.));
#3287=DIRECTION('',(0.,0.,1.));
#3288=DIRECTION('',(0.,-1.,0.));
#3289=DIRECTION('',(0.,0.,-1.));
#3290=DIRECTION('',(1.,0.,1.94230760081378E-16));
#3291=DIRECTION('',(0.,-1.,0.));
#3292=DIRECTION('',(0.,0.,-1.));
#3293=DIRECTION('',(0.,0.,-1.));
#3294=DIRECTION('',(0.,-1.,0.));
#3295=DIRECTION('',(0.,0.,-1.));
#3296=DIRECTION('',(-1.,0.,1.94230760081378E-16));
#3297=DIRECTION('',(0.,-1.,0.));
#3298=DIRECTION('',(0.,0.,-1.));
#3299=DIRECTION('',(1.36056743213867E-16,0.,1.));
#3300=DIRECTION('',(0.,-1.,0.));
#3301=DIRECTION('',(0.,0.,-1.));
#3302=DIRECTION('',(0.,0.,-1.));
#3303=DIRECTION('',(-1.,0.,0.));
#3304=DIRECTION('',(0.,0.,-1.));
#3305=DIRECTION('',(-1.,0.,0.));
#3306=DIRECTION('',(-1.,1.30823791551795E-16,0.));
#3307=DIRECTION('',(0.,0.,-1.));
#3308=DIRECTION('',(1.,0.,0.));
#3309=DIRECTION('',(1.,-1.30823791551795E-16,0.));
#3310=DIRECTION('',(1.,-1.14470817607826E-16,0.));
#3311=DIRECTION('',(0.,1.,0.));
#3312=DIRECTION('',(-1.,-1.14470817607826E-16,0.));
#3313=DIRECTION('',(0.,-1.,0.));
#3314=DIRECTION('',(-1.94230760081378E-16,0.,1.));
#3315=DIRECTION('',(1.,0.,1.94230760081378E-16));
#3316=DIRECTION('',(-1.94230760081378E-16,0.,1.));
#3317=DIRECTION('',(1.,0.,1.94230760081378E-16));
#3318=DIRECTION('',(1.,0.,1.94230760081378E-16));
#3319=DIRECTION('',(0.,1.,0.));
#3320=DIRECTION('',(1.,0.,1.94230760081378E-16));
#3321=DIRECTION('',(-1.94230760081378E-16,0.,1.));
#3322=DIRECTION('',(1.,0.,1.94230760081378E-16));
#3323=DIRECTION('',(1.,0.,1.94230760081378E-16));
#3324=DIRECTION('',(-1.94230760081378E-16,0.,1.));
#3325=DIRECTION('',(1.,0.,1.94230760081378E-16));
#3326=DIRECTION('',(1.,0.,1.94230760081378E-16));
#3327=DIRECTION('',(0.,1.,0.));
#3328=DIRECTION('',(1.,0.,0.));
#3329=DIRECTION('',(0.,0.,-1.));
#3330=DIRECTION('',(0.,0.,-1.));
#3331=DIRECTION('',(1.,0.,0.));
#3332=DIRECTION('',(0.,0.,-1.));
#3333=DIRECTION('',(0.,0.,1.));
#3334=DIRECTION('',(1.,0.,0.));
#3335=DIRECTION('',(0.,0.,-1.));
#3336=DIRECTION('',(1.,0.,0.));
#3337=DIRECTION('',(0.,0.,-1.));
#3338=DIRECTION('',(0.,0.,-1.));
#3339=DIRECTION('',(1.,0.,0.));
#3340=DIRECTION('',(0.,0.,-1.));
#3341=DIRECTION('',(0.,0.,1.));
#3342=DIRECTION('',(0.,1.,0.));
#3343=DIRECTION('',(0.,0.,-1.));
#3344=DIRECTION('',(0.,1.,0.));
#3345=DIRECTION('',(0.,0.,-1.));
#3346=DIRECTION('',(1.,0.,0.));
#3347=DIRECTION('',(0.,0.,-1.));
#3348=DIRECTION('',(0.,0.,-1.));
#3349=DIRECTION('',(1.,0.,0.));
#3350=DIRECTION('',(0.,0.,-1.));
#3351=DIRECTION('',(0.,0.,1.));
#3352=DIRECTION('',(0.,0.,1.));
#3353=DIRECTION('',(1.,0.,0.));
#3354=DIRECTION('',(0.,0.,-1.));
#3355=DIRECTION('',(0.,0.,-1.));
#3356=DIRECTION('',(1.,0.,0.));
#3357=DIRECTION('',(0.,0.,-1.));
#3358=DIRECTION('',(-1.,0.,0.));
#3359=DIRECTION('',(0.,0.,1.));
#3360=DIRECTION('',(0.,0.,-1.));
#3361=DIRECTION('',(-1.,0.,0.));
#3362=DIRECTION('',(0.,0.,1.));
#3363=DIRECTION('',(0.,0.,1.));
#3364=DIRECTION('',(-1.,0.,0.));
#3365=DIRECTION('',(0.,0.,1.));
#3366=DIRECTION('',(0.,1.,0.));
#3367=DIRECTION('',(0.,0.,1.));
#3368=DIRECTION('',(0.,1.,0.));
#3369=DIRECTION('',(0.,0.,1.));
#3370=DIRECTION('',(-1.,0.,0.));
#3371=DIRECTION('',(0.,0.,1.));
#3372=DIRECTION('',(0.,0.,1.));
#3373=DIRECTION('',(-1.,0.,0.));
#3374=DIRECTION('',(0.,0.,1.));
#3375=DIRECTION('',(0.,0.,-1.));
#3376=DIRECTION('',(-1.94230760081378E-16,0.,-1.));
#3377=DIRECTION('',(-1.,0.,1.94230760081378E-16));
#3378=DIRECTION('',(0.,1.,0.));
#3379=DIRECTION('',(-1.,0.,1.94230760081378E-16));
#3380=DIRECTION('',(0.,1.,0.));
#3381=DIRECTION('',(-1.,0.,1.94230760081378E-16));
#3382=DIRECTION('',(0.,-1.,0.));
#3383=DIRECTION('',(0.,0.,-1.));
#3384=DIRECTION('',(0.,0.,1.));
#3385=DIRECTION('',(0.,-1.,0.));
#3386=DIRECTION('',(0.,0.,-1.));
#3387=DIRECTION('',(-1.,0.,1.94230760081378E-16));
#3388=DIRECTION('',(0.,-1.,0.));
#3389=DIRECTION('',(0.,0.,-1.));
#3390=DIRECTION('',(0.,0.,-1.));
#3391=DIRECTION('',(0.,-1.,0.));
#3392=DIRECTION('',(0.,0.,-1.));
#3393=DIRECTION('',(1.,0.,1.94230760081378E-16));
#3394=DIRECTION('',(0.,-1.,0.));
#3395=DIRECTION('',(0.,0.,-1.));
#3396=DIRECTION('',(0.,1.,0.));
#3397=DIRECTION('',(0.,0.,1.));
#3398=DIRECTION('',(-1.,0.,0.));
#3399=DIRECTION('',(0.,0.,-1.));
#3400=DIRECTION('',(-1.,0.,0.));
#3401=DIRECTION('',(0.,-1.,0.));
#3402=DIRECTION('',(0.,0.,-1.));
#3403=DIRECTION('',(-1.,0.,0.));
#3404=DIRECTION('',(0.,0.,1.));
#3405=DIRECTION('',(-1.,0.,0.));
#3406=DIRECTION('',(1.,0.,0.));
#3407=DIRECTION('',(0.,0.,-1.));
#3408=DIRECTION('',(1.,0.,0.));
#3409=DIRECTION('',(0.,0.,-1.));
#3410=DIRECTION('',(1.,0.,0.));
#3411=DIRECTION('',(0.,0.,-1.));
#3412=DIRECTION('',(-1.,0.,0.));
#3413=DIRECTION('',(0.,0.,1.));
#3414=DIRECTION('',(-1.,0.,0.));
#3415=DIRECTION('',(0.,0.,1.));
#3416=DIRECTION('',(0.,-1.,0.));
#3417=DIRECTION('',(0.,0.,-1.));
#3418=DIRECTION('',(0.,0.,-1.));
#3419=DIRECTION('',(1.,0.,0.));
#3420=DIRECTION('',(1.,0.,0.));
#3421=DIRECTION('',(0.,1.,0.));
#3422=DIRECTION('',(0.,0.,1.));
#3423=DIRECTION('',(0.,0.,1.));
#3424=DIRECTION('',(1.,0.,0.));
#3425=DIRECTION('',(0.,0.,1.));
#3426=DIRECTION('',(1.,0.,0.));
#3427=DIRECTION('',(0.,-1.,0.));
#3428=DIRECTION('',(0.,0.,-1.));
#3429=DIRECTION('',(0.,0.,-1.));
#3430=DIRECTION('',(1.,0.,0.));
#3431=DIRECTION('',(0.,0.,-1.));
#3432=DIRECTION('',(1.,0.,0.));
#3433=DIRECTION('',(0.,1.,0.));
#3434=DIRECTION('',(0.,0.,1.));
#3435=DIRECTION('',(0.,0.,1.));
#3436=DIRECTION('',(1.,0.,0.));
#3437=DIRECTION('',(1.,0.,0.));
#3438=DIRECTION('',(1.,0.,0.));
#3439=DIRECTION('',(0.,0.,-1.));
#3440=DIRECTION('',(1.,0.,0.));
#3441=DIRECTION('',(0.,0.,-1.));
#3442=DIRECTION('',(1.,0.,0.));
#3443=DIRECTION('',(0.,0.,-1.));
#3444=DIRECTION('',(1.,0.,0.));
#3445=DIRECTION('',(0.,0.,-1.));
#3446=DIRECTION('',(1.,0.,0.));
#3447=DIRECTION('',(0.,0.,-1.));
#3448=DIRECTION('',(-1.,0.,0.));
#3449=DIRECTION('',(0.,0.,1.));
#3450=DIRECTION('',(-1.,0.,0.));
#3451=DIRECTION('',(0.,0.,1.));
#3452=DIRECTION('',(-1.,0.,0.));
#3453=DIRECTION('',(0.,0.,1.));
#3454=DIRECTION('',(1.,0.,0.));
#3455=DIRECTION('',(0.,0.,-1.));
#3456=DIRECTION('',(1.,0.,0.));
#3457=DIRECTION('',(0.,0.,-1.));
#3458=DIRECTION('',(-1.,0.,0.));
#3459=DIRECTION('',(0.,0.,1.));
#3460=DIRECTION('',(-1.,0.,0.));
#3461=DIRECTION('',(0.,0.,1.));
#3462=DIRECTION('',(0.,1.,0.));
#3463=DIRECTION('',(0.,0.,1.));
#3464=DIRECTION('',(1.,0.,0.));
#3465=DIRECTION('',(0.,0.,1.));
#3466=DIRECTION('',(1.,0.,0.));
#3467=DIRECTION('',(0.,-1.,0.));
#3468=DIRECTION('',(0.,0.,-1.));
#3469=DIRECTION('',(0.,0.,-1.));
#3470=DIRECTION('',(1.,0.,0.));
#3471=DIRECTION('',(1.,0.,0.));
#3472=DIRECTION('',(-1.,0.,0.));
#3473=DIRECTION('',(0.,0.,1.));
#3474=DIRECTION('',(-1.,0.,0.));
#3475=DIRECTION('',(0.,0.,1.));
#3476=DIRECTION('',(-1.,0.,0.));
#3477=DIRECTION('',(0.,0.,1.));
#3478=DIRECTION('',(0.,1.,0.));
#3479=DIRECTION('',(0.,0.,1.));
#3480=DIRECTION('',(1.,0.,0.));
#3481=DIRECTION('',(0.,0.,1.));
#3482=DIRECTION('',(1.,0.,0.));
#3483=DIRECTION('',(0.,-1.,0.));
#3484=DIRECTION('',(0.,0.,-1.));
#3485=DIRECTION('',(0.,0.,-1.));
#3486=DIRECTION('',(1.,0.,0.));
#3487=DIRECTION('',(1.,0.,0.));
#3488=DIRECTION('',(-1.,0.,0.));
#3489=DIRECTION('',(0.,0.,1.));
#3490=DIRECTION('',(-1.,0.,0.));
#3491=DIRECTION('',(0.,0.,1.));
#3492=DIRECTION('',(-1.,0.,0.));
#3493=DIRECTION('',(0.,0.,1.));
#3494=DIRECTION('',(0.,1.,0.));
#3495=DIRECTION('',(0.,0.,1.));
#3496=DIRECTION('',(0.,0.,1.));
#3497=DIRECTION('',(1.,0.,0.));
#3498=DIRECTION('',(1.,0.,0.));
#3499=DIRECTION('',(0.,-1.,0.));
#3500=DIRECTION('',(0.,0.,-1.));
#3501=DIRECTION('',(0.,0.,-1.));
#3502=DIRECTION('',(1.,0.,0.));
#3503=DIRECTION('',(1.,0.,0.));
#3504=DIRECTION('',(-1.,0.,0.));
#3505=DIRECTION('',(0.,0.,1.));
#3506=DIRECTION('',(-1.,0.,0.));
#3507=DIRECTION('',(0.,0.,1.));
#3508=DIRECTION('',(-1.,0.,0.));
#3509=DIRECTION('',(0.,0.,1.));
#3510=DIRECTION('',(1.,0.,0.));
#3511=DIRECTION('',(0.,0.,-1.));
#3512=DIRECTION('',(1.,0.,0.));
#3513=DIRECTION('',(0.,0.,-1.));
#3514=DIRECTION('',(1.,0.,0.));
#3515=DIRECTION('',(0.,0.,-1.));
#3516=DIRECTION('',(1.,0.,0.));
#3517=DIRECTION('',(0.,0.,-1.));
#3518=DIRECTION('',(1.,0.,0.));
#3519=DIRECTION('',(0.,0.,-1.));
#3520=DIRECTION('',(1.,0.,0.));
#3521=DIRECTION('',(0.,0.,-1.));
#3522=DIRECTION('',(0.,1.,0.));
#3523=DIRECTION('',(0.,0.,1.));
#3524=DIRECTION('',(-1.,0.,0.));
#3525=DIRECTION('',(0.,0.,-1.));
#3526=DIRECTION('',(-1.,0.,0.));
#3527=DIRECTION('',(0.,-1.,0.));
#3528=DIRECTION('',(0.,0.,-1.));
#3529=DIRECTION('',(0.,0.,1.));
#3530=DIRECTION('',(-1.,0.,0.));
#3531=DIRECTION('',(0.,0.,1.));
#3532=DIRECTION('',(-1.,0.,0.));
#3533=DIRECTION('',(0.,1.,0.));
#3534=DIRECTION('',(0.,0.,1.));
#3535=DIRECTION('',(0.,0.,-1.));
#3536=DIRECTION('',(-1.,0.,0.));
#3537=DIRECTION('',(0.,0.,-1.));
#3538=DIRECTION('',(-1.,0.,0.));
#3539=DIRECTION('',(0.,-1.,0.));
#3540=DIRECTION('',(0.,0.,-1.));
#3541=DIRECTION('',(-1.,0.,0.));
#3542=DIRECTION('',(0.,0.,1.));
#3543=DIRECTION('',(-1.,0.,0.));
#3544=DIRECTION('',(-1.,0.,0.));
#3545=DIRECTION('',(0.,0.,1.));
#3546=DIRECTION('',(-1.,0.,0.));
#3547=DIRECTION('',(0.,0.,1.));
#3548=DIRECTION('',(-1.,0.,0.));
#3549=DIRECTION('',(0.,0.,1.));
#3550=DIRECTION('',(-1.,0.,0.));
#3551=DIRECTION('',(0.,0.,1.));
#3552=DIRECTION('',(-1.,0.,0.));
#3553=DIRECTION('',(0.,0.,1.));
#3554=DIRECTION('',(1.,0.,0.));
#3555=DIRECTION('',(0.,0.,-1.));
#3556=DIRECTION('',(1.,0.,0.));
#3557=DIRECTION('',(0.,0.,1.));
#3558=DIRECTION('',(1.,0.,0.));
#3559=DIRECTION('',(0.,0.,-1.));
#3560=DIRECTION('',(1.,0.,0.));
#3561=DIRECTION('',(0.,0.,-1.));
#3562=DIRECTION('',(-1.,0.,0.));
#3563=DIRECTION('',(0.,0.,1.));
#3564=DIRECTION('',(-1.,0.,0.));
#3565=DIRECTION('',(0.,0.,1.));
#3566=DIRECTION('',(1.,0.,0.));
#3567=DIRECTION('',(0.,0.,-1.));
#3568=DIRECTION('',(1.,0.,0.));
#3569=DIRECTION('',(0.,0.,-1.));
#3570=DIRECTION('',(1.,0.,0.));
#3571=DIRECTION('',(0.,0.,-1.));
#3572=DIRECTION('',(-1.,0.,0.));
#3573=DIRECTION('',(0.,0.,1.));
#3574=DIRECTION('',(1.,0.,0.));
#3575=DIRECTION('',(0.,0.,1.));
#3576=DIRECTION('',(0.,1.,0.));
#3577=DIRECTION('',(0.,0.,1.));
#3578=DIRECTION('',(0.,-1.,0.));
#3579=DIRECTION('',(0.,0.,-1.));
#3580=DIRECTION('',(0.,-1.,0.));
#3581=DIRECTION('',(0.,0.,-1.));
#3582=DIRECTION('',(0.,1.,0.));
#3583=DIRECTION('',(0.,0.,1.));
#3584=DIRECTION('',(0.,-1.,0.));
#3585=DIRECTION('',(0.,0.,-1.));
#3586=DIRECTION('',(0.,-1.,0.));
#3587=DIRECTION('',(0.,0.,-1.));
#3588=DIRECTION('',(0.,1.,0.));
#3589=DIRECTION('',(0.,0.,1.));
#3590=DIRECTION('',(0.,-1.,0.));
#3591=DIRECTION('',(0.,0.,-1.));
#3592=DIRECTION('',(0.,-1.,0.));
#3593=DIRECTION('',(0.,0.,-1.));
#3594=DIRECTION('',(0.,1.,0.));
#3595=DIRECTION('',(0.,0.,1.));
#3596=DIRECTION('',(0.,-1.,0.));
#3597=DIRECTION('',(0.,0.,-1.));
#3598=DIRECTION('',(0.,-1.,0.));
#3599=DIRECTION('',(0.,0.,-1.));
#3600=DIRECTION('',(0.,-1.,0.));
#3601=DIRECTION('',(0.,0.,-1.));
#3602=DIRECTION('',(0.,0.,1.));
#3603=DIRECTION('',(1.,0.,0.));
#3604=DIRECTION('',(1.,0.,0.));
#3605=DIRECTION('',(0.,0.,-1.));
#3606=DIRECTION('',(-1.,0.,-1.94230760081378E-16));
#3607=DIRECTION('',(-1.94230760081378E-16,0.,1.));
#3608=DIRECTION('',(-1.,0.,-1.94230760081378E-16));
#3609=DIRECTION('',(1.,0.,0.));
#3610=DIRECTION('',(0.,0.,-1.));
#3611=DIRECTION('',(0.,0.,1.));
#3612=DIRECTION('',(1.,0.,0.));
#3613=DIRECTION('',(0.,0.,1.));
#3614=DIRECTION('',(1.,0.,0.));
#3615=DIRECTION('',(0.,-1.,0.));
#3616=DIRECTION('',(0.,0.,-1.));
#3617=DIRECTION('',(0.,0.,1.));
#3618=DIRECTION('',(1.,0.,0.));
#3619=DIRECTION('',(0.,-1.,0.));
#3620=DIRECTION('',(0.,0.,-1.));
#3621=DIRECTION('',(1.,0.,0.));
#3622=DIRECTION('',(0.,0.,-1.));
#3623=DIRECTION('',(0.,0.,-1.));
#3624=DIRECTION('',(-1.,0.,0.));
#3625=DIRECTION('',(0.,0.,1.));
#3626=DIRECTION('',(1.,0.,0.));
#3627=DIRECTION('',(1.,0.,-1.94230760081378E-16));
#3628=DIRECTION('',(-1.94230760081378E-16,0.,-1.));
#3629=DIRECTION('',(1.,0.,0.));
#3630=DIRECTION('',(0.,0.,-1.));
#3631=DIRECTION('',(0.,-1.,0.));
#3632=DIRECTION('',(0.,0.,-1.));
#3633=DIRECTION('',(0.,-1.,0.));
#3634=DIRECTION('',(0.,0.,-1.));
#3635=DIRECTION('',(1.,0.,0.));
#3636=DIRECTION('',(0.,0.,-1.));
#3637=DIRECTION('',(0.,0.,1.));
#3638=DIRECTION('',(1.,0.,0.));
#3639=DIRECTION('',(0.,0.,-1.));
#3640=DIRECTION('',(-1.,0.,0.));
#3641=DIRECTION('',(0.,0.,1.));
#3642=DIRECTION('',(1.,0.,0.));
#3643=DIRECTION('',(1.,0.,1.94230760081378E-16));
#3644=DIRECTION('',(1.94230760081378E-16,0.,-1.));
#3645=DIRECTION('',(1.,0.,1.94230760081378E-16));
#3646=DIRECTION('',(1.,0.,0.));
#3647=DIRECTION('',(0.,0.,-1.));
#3648=DIRECTION('',(0.,-1.,0.));
#3649=DIRECTION('',(0.,0.,-1.));
#3650=DIRECTION('',(1.,0.,0.));
#3651=DIRECTION('',(0.,0.,-1.));
#3652=DIRECTION('',(0.,-1.,0.));
#3653=DIRECTION('',(0.,0.,-1.));
#3654=DIRECTION('',(0.,0.,1.));
#3655=DIRECTION('',(1.,0.,0.));
#3656=DIRECTION('',(-1.,0.,1.94230760081378E-16));
#3657=DIRECTION('',(1.94230760081378E-16,0.,1.));
#3658=DIRECTION('',(-1.,0.,1.94230760081378E-16));
#3659=DIRECTION('',(1.,0.,0.));
#3660=DIRECTION('',(0.,0.,-1.));
#3661=DIRECTION('',(0.,0.,1.));
#3662=DIRECTION('',(1.,0.,0.));
#3663=DIRECTION('',(0.,0.,1.));
#3664=DIRECTION('',(0.,0.,1.));
#3665=DIRECTION('',(1.,0.,0.));
#3666=DIRECTION('',(0.,-1.,0.));
#3667=DIRECTION('',(0.,0.,-1.));
#3668=DIRECTION('',(1.38224978165483E-16,1.,4.04269107844121E-32));
#3669=DIRECTION('',(-1.,1.38224978165483E-16,0.));
#3670=DIRECTION('',(2.92471818921274E-16,5.47382212626882E-48,-1.));
#3671=DIRECTION('',(1.,-1.38224978165483E-16,2.92471818921274E-16));
#3672=DIRECTION('',(2.92471818921274E-16,5.47382212626882E-48,-1.));
#3673=DIRECTION('',(-1.,0.,-2.92471818921274E-16));
#3674=DIRECTION('',(-2.92471818921274E-16,0.,1.));
#3675=DIRECTION('',(0.,1.,0.));
#3676=DIRECTION('',(2.92471818921274E-16,0.,-1.));
#3677=DIRECTION('',(0.,1.,0.));
#3678=DIRECTION('',(2.92471818921274E-16,0.,-1.));
#3679=DIRECTION('',(-1.39335218953961E-16,-1.,-4.07516249272589E-32));
#3680=DIRECTION('',(1.,-1.39335218953961E-16,0.));
#3681=DIRECTION('',(-1.,0.,-1.94230760081378E-16));
#3682=DIRECTION('',(2.92471818921274E-16,0.,-1.));
#3683=DIRECTION('',(-1.,1.39335218953961E-16,-2.92471818921274E-16));
#3684=DIRECTION('',(2.92471818921274E-16,0.,-1.));
#3685=DIRECTION('',(1.,0.,2.92471818921274E-16));
#3686=DIRECTION('',(2.92471818921274E-16,0.,-1.));
#3687=DIRECTION('',(0.,-1.,0.));
#3688=DIRECTION('',(2.92471818921274E-16,0.,-1.));
#3689=DIRECTION('',(0.,-1.,0.));
#3690=DIRECTION('',(2.92471818921274E-16,0.,-1.));
#3691=DIRECTION('',(1.39335218953961E-16,1.,4.07516249272589E-32));
#3692=DIRECTION('',(-1.,1.39335218953961E-16,0.));
#3693=DIRECTION('',(1.,0.,1.94230760081378E-16));
#3694=DIRECTION('',(2.92471818921274E-16,0.,-1.));
#3695=DIRECTION('',(1.,-1.39335218953961E-16,2.92471818921274E-16));
#3696=DIRECTION('',(2.92471818921274E-16,0.,-1.));
#3697=DIRECTION('',(1.38224978165483E-16,-1.,4.04269107844121E-32));
#3698=DIRECTION('',(1.,1.38224978165483E-16,0.));
#3699=DIRECTION('',(2.92471818921274E-16,-5.47382212626882E-48,-1.));
#3700=DIRECTION('',(-1.,-1.38224978165483E-16,-2.92471818921274E-16));
#3701=DIRECTION('',(2.92471818921274E-16,-5.47382212626882E-48,-1.));
#3702=DIRECTION('',(2.92471818921274E-16,0.,-1.));
#3703=DIRECTION('',(-1.,0.,-2.92471818921274E-16));
#3704=DIRECTION('',(2.92471818921274E-16,0.,-1.));
#3705=DIRECTION('',(-1.,0.,-2.92471818921274E-16));
#3706=DIRECTION('',(2.92471818921274E-16,0.,-1.));
#3707=DIRECTION('',(-1.,0.,-2.92471818921274E-16));
#3708=DIRECTION('',(2.92471818921274E-16,0.,-1.));
#3709=DIRECTION('',(-1.,0.,-2.92471818921274E-16));
#3710=DIRECTION('',(2.92471818921274E-16,0.,-1.));
#3711=DIRECTION('',(-1.,0.,-2.92471818921274E-16));
#3712=DIRECTION('',(2.92471818921274E-16,0.,-1.));
#3713=DIRECTION('',(-1.,0.,-2.92471818921274E-16));
#3714=DIRECTION('',(2.92471818921274E-16,0.,-1.));
#3715=DIRECTION('',(-1.,0.,-2.92471818921274E-16));
#3716=DIRECTION('',(1.,0.,1.94230760081378E-16));
#3717=DIRECTION('',(1.94230760081378E-16,0.,-1.));
#3718=DIRECTION('',(1.,0.,1.94230760081378E-16));
#3719=DIRECTION('',(-1.,0.,-1.94230760081378E-16));
#3720=DIRECTION('',(-1.94230760081378E-16,0.,1.));
#3721=DIRECTION('',(1.,0.,1.94230760081378E-16));
#3722=DIRECTION('',(-1.94230760081378E-16,0.,1.));
#3723=DIRECTION('',(1.,0.,1.94230760081378E-16));
#3724=DIRECTION('',(1.,-1.33167104092385E-16,1.11468175163168E-15));
#3725=DIRECTION('',(-1.94230760081378E-16,0.,1.));
#3726=DIRECTION('',(1.,0.,1.94230760081378E-16));
#3727=DIRECTION('',(-1.,1.33167104092385E-16,-1.11468175163168E-15));
#3728=DIRECTION('',(-1.94230760081378E-16,0.,1.));
#3729=DIRECTION('',(1.,0.,1.94230760081378E-16));
#3730=DIRECTION('',(-1.94230760081378E-16,0.,1.));
#3731=DIRECTION('',(1.,0.,1.94230760081378E-16));
#3732=DIRECTION('',(-1.94230760081378E-16,0.,1.));
#3733=DIRECTION('',(1.,0.,1.94230760081378E-16));
#3734=DIRECTION('',(-1.94230760081378E-16,0.,1.));
#3735=DIRECTION('',(1.,0.,1.94230760081378E-16));
#3736=DIRECTION('',(-1.94230760081378E-16,0.,1.));
#3737=DIRECTION('',(1.,0.,1.94230760081378E-16));
#3738=DIRECTION('',(2.92471818921274E-16,0.,-1.));
#3739=DIRECTION('',(-1.,0.,-2.92471818921274E-16));
#3740=DIRECTION('',(2.92471818921274E-16,0.,-1.));
#3741=DIRECTION('',(-1.,0.,-2.92471818921274E-16));
#3742=DIRECTION('',(2.92471818921274E-16,0.,-1.));
#3743=DIRECTION('',(-1.,0.,-2.92471818921274E-16));
#3744=DIRECTION('',(2.92471818921274E-16,0.,-1.));
#3745=DIRECTION('',(-1.,0.,-2.92471818921274E-16));
#3746=DIRECTION('',(-2.92471818921274E-16,-5.47382212626882E-48,1.));
#3747=DIRECTION('',(1.,0.,2.92471818921274E-16));
#3748=DIRECTION('',(-2.92471818921274E-16,-5.47382212626882E-48,1.));
#3749=DIRECTION('',(1.,0.,2.92471818921274E-16));
#3750=DIRECTION('',(1.33167104092385E-16,1.,1.98005202555829E-31));
#3751=DIRECTION('',(-1.,1.33167104092385E-16,0.));
#3752=DIRECTION('',(1.48689275707656E-15,0.,-1.));
#3753=DIRECTION('',(1.,-1.33167104092385E-16,1.11468175163168E-15));
#3754=DIRECTION('',(1.48689275707656E-15,0.,-1.));
#3755=DIRECTION('',(-1.33167104092385E-16,-1.,-1.98005202555829E-31));
#3756=DIRECTION('',(1.,-1.33167104092385E-16,0.));
#3757=DIRECTION('',(1.48689275707656E-15,0.,-1.));
#3758=DIRECTION('',(-1.,1.33167104092385E-16,-1.11468175163168E-15));
#3759=DIRECTION('',(1.48689275707656E-15,0.,-1.));
#3760=DIRECTION('',(1.11468175163168E-15,0.,-1.));
#3761=DIRECTION('',(-1.,0.,-1.11468175163168E-15));
#3762=DIRECTION('',(0.,0.,-1.));
#3763=DIRECTION('',(-1.,0.,0.));
#3764=DIRECTION('',(1.,-1.30823791551795E-16,0.));
#3765=DIRECTION('',(0.,0.,-1.));
#3766=DIRECTION('',(1.,0.,0.));
#3767=DIRECTION('',(-1.,1.30823791551795E-16,0.));
#3768=DIRECTION('',(1.11468175163168E-15,0.,-1.));
#3769=DIRECTION('',(-1.,0.,-1.11468175163168E-15));
#3770=DIRECTION('',(1.11468175163168E-15,0.,-1.));
#3771=DIRECTION('',(-1.,0.,-1.11468175163168E-15));
#3772=DIRECTION('',(-1.48689275707656E-15,0.,1.));
#3773=DIRECTION('',(1.,0.,1.48689275707656E-15));
#3774=DIRECTION('',(-1.48689275707656E-15,0.,1.));
#3775=DIRECTION('',(1.,0.,1.48689275707656E-15));
#3776=DIRECTION('',(0.,0.,-1.));
#3777=DIRECTION('',(-1.,0.,0.));
#3778=DIRECTION('',(0.,0.,-1.));
#3779=DIRECTION('',(0.,0.,-1.));
#3780=DIRECTION('',(-1.30823791551795E-16,-1.,0.));
#3781=DIRECTION('',(1.,-1.30823791551795E-16,0.));
#3782=DIRECTION('',(0.,0.,-1.));
#3783=DIRECTION('',(0.,0.,-1.));
#3784=DIRECTION('',(-1.,0.,0.));
#3785=DIRECTION('',(0.,0.,-1.));
#3786=DIRECTION('',(1.30823791551795E-16,1.,0.));
#3787=DIRECTION('',(-1.,1.30823791551795E-16,0.));
#3788=DIRECTION('',(1.,0.,0.));
#3789=DIRECTION('',(0.,0.,-1.));
#3790=DIRECTION('',(0.,0.,1.));
#3791=DIRECTION('',(0.,1.,0.));
#3792=DIRECTION('',(0.,0.,1.));
#3793=DIRECTION('',(-1.14470817607826E-16,-1.,0.));
#3794=DIRECTION('',(1.,-1.14470817607826E-16,0.));
#3795=DIRECTION('',(0.,0.,1.));
#3796=DIRECTION('',(1.,-1.14470817607826E-16,0.));
#3797=DIRECTION('',(-1.,0.,0.));
#3798=DIRECTION('',(0.,0.,1.));
#3799=DIRECTION('',(0.,0.,1.));
#3800=DIRECTION('',(0.,-1.,0.));
#3801=DIRECTION('',(-1.14470817607826E-16,1.,0.));
#3802=DIRECTION('',(-1.,-1.14470817607826E-16,0.));
#3803=DIRECTION('',(-1.,-1.14470817607826E-16,0.));
#3804=DIRECTION('',(0.,0.,-1.));
#3805=DIRECTION('',(-1.,0.,0.));
#3806=DIRECTION('',(0.,1.,0.));
#3807=DIRECTION('',(0.,0.,1.));
#3808=DIRECTION('',(0.,1.,0.));
#3809=DIRECTION('',(-1.,0.,0.));
#3810=DIRECTION('',(0.,1.,0.));
#3811=DIRECTION('',(0.,1.,0.));
#3812=DIRECTION('',(0.,0.,1.));
#3813=DIRECTION('',(0.,1.,0.));
#3814=DIRECTION('',(0.,1.,0.));
#3815=DIRECTION('',(-1.,0.,0.));
#3816=DIRECTION('',(1.,0.,-2.72113486427734E-16));
#3817=DIRECTION('',(-2.72113486427734E-16,0.,-1.));
#3818=DIRECTION('',(0.,1.,0.));
#3819=DIRECTION('',(-2.72113486427734E-16,0.,-1.));
#3820=DIRECTION('',(-2.72113486427734E-16,0.,-1.));
#3821=DIRECTION('',(0.,1.,0.));
#3822=DIRECTION('',(0.,0.,1.));
#3823=DIRECTION('',(0.,1.,0.));
#3824=DIRECTION('',(0.,1.,0.));
#3825=DIRECTION('',(-1.,0.,0.));
#3826=DIRECTION('',(0.,0.,1.));
#3827=DIRECTION('',(1.,0.,0.));
#3828=DIRECTION('',(1.,0.,0.));
#3829=DIRECTION('',(1.,0.,0.));
#3830=DIRECTION('',(0.,1.,0.));
#3831=DIRECTION('',(0.,0.,1.));
#3832=DIRECTION('',(0.,-1.,0.));
#3833=DIRECTION('',(0.,0.,1.));
#3834=DIRECTION('',(0.,-1.,0.));
#3835=DIRECTION('',(-1.,0.,0.));
#3836=DIRECTION('',(0.,1.,0.));
#3837=DIRECTION('',(0.,0.,1.));
#3838=DIRECTION('',(0.,1.,0.));
#3839=DIRECTION('',(0.,0.,1.));
#3840=DIRECTION('',(0.,1.,0.));
#3841=DIRECTION('',(0.,0.,1.));
#3842=DIRECTION('',(0.,1.,0.));
#3843=DIRECTION('',(1.,0.,0.));
#3844=DIRECTION('',(1.36056743213867E-16,0.,1.));
#3845=DIRECTION('',(0.,1.,0.));
#3846=DIRECTION('',(-1.,0.,0.));
#3847=DIRECTION('',(0.,1.,0.));
#3848=DIRECTION('',(-1.,0.,0.));
#3849=DIRECTION('',(-1.,0.,1.43484158476163E-16));
#3850=DIRECTION('',(1.,0.,0.));
#3851=DIRECTION('',(0.,0.,-1.));
#3852=DIRECTION('',(-0.999968817282766,0.00789711732893014,0.));
#3853=DIRECTION('',(-0.00789711732893015,-0.999968817282766,0.));
#3854=DIRECTION('',(-6.76944149301531E-15,-0.00789711732895672,0.999968817282765));
#3855=DIRECTION('',(0.,-0.999968817282765,-0.00789711732895672));
#3856=DIRECTION('',(-1.,0.,1.94230760081378E-16));
#3857=DIRECTION('',(1.94230760081378E-16,0.,1.));
#3858=DIRECTION('',(1.,0.,0.));
#3859=DIRECTION('',(0.,0.,-1.));
#3860=DIRECTION('',(0.,0.,1.));
#3861=DIRECTION('',(1.,0.,0.));
#3862=DIRECTION('',(0.973999999999998,1.5336513099946E-15,0.226548008157222));
#3863=DIRECTION('',(0.226548008157222,0.,-0.973999999999998));
#3864=DIRECTION('',(0.,0.,1.));
#3865=DIRECTION('',(1.,0.,0.));
#3866=DIRECTION('',(0.,0.,1.));
#3867=DIRECTION('',(1.,0.,0.));
#3868=DIRECTION('',(0.,-1.,0.));
#3869=DIRECTION('',(0.,0.,-1.));
#3870=DIRECTION('',(0.,0.,1.));
#3871=DIRECTION('',(1.,0.,0.));
#3872=DIRECTION('',(0.226548008157213,0.,0.974));
#3873=DIRECTION('',(0.974,0.,-0.226548008157213));
#3874=DIRECTION('',(1.36056743213867E-16,0.,1.));
#3875=DIRECTION('',(1.,0.,-1.36056743213867E-16));
#3876=DIRECTION('',(0.,0.,1.));
#3877=DIRECTION('',(1.,0.,0.));
#3878=DIRECTION('',(0.,-1.,0.));
#3879=DIRECTION('',(0.,0.,-1.));
#3880=DIRECTION('',(1.,0.,0.));
#3881=DIRECTION('',(0.,0.,-1.));
#3882=DIRECTION('',(0.,-1.,0.));
#3883=DIRECTION('',(0.,0.,-1.));
#3884=DIRECTION('',(-1.,0.,1.58663732558854E-16));
#3885=DIRECTION('',(1.58663732558854E-16,0.,1.));
#3886=DIRECTION('',(-1.,0.,1.43484158476163E-16));
#3887=DIRECTION('',(1.43484158476163E-16,0.,1.));
#3888=DIRECTION('',(0.,-1.,0.));
#3889=DIRECTION('',(0.,0.,-1.));
#3890=DIRECTION('',(0.,-1.,0.));
#3891=DIRECTION('',(-1.,0.,0.));
#3892=DIRECTION('',(0.,-1.,0.));
#3893=DIRECTION('',(0.,0.,-1.));
#3894=DIRECTION('',(0.,-1.,0.));
#3895=DIRECTION('',(0.,0.,-1.));
#3896=DIRECTION('',(0.,-1.,0.));
#3897=DIRECTION('',(-1.,0.,0.));
#3898=DIRECTION('',(0.,-1.,0.));
#3899=DIRECTION('',(0.,0.,-1.));
#3900=DIRECTION('',(0.,-1.,0.));
#3901=DIRECTION('',(0.,0.,-1.));
#3902=DIRECTION('',(0.,-1.,0.));
#3903=DIRECTION('',(-1.,0.,0.));
#3904=DIRECTION('',(0.,-1.,0.));
#3905=DIRECTION('',(0.,0.,-1.));
#3906=DIRECTION('',(0.,1.,0.));
#3907=DIRECTION('',(0.,0.,1.));
#3908=DIRECTION('',(0.,-1.,0.));
#3909=DIRECTION('',(-1.,0.,0.));
#3910=DIRECTION('',(0.,-1.,0.));
#3911=DIRECTION('',(-1.,0.,0.));
#3912=DIRECTION('',(0.,1.,0.));
#3913=DIRECTION('',(0.,0.,1.));
#3914=DIRECTION('',(0.,-1.,0.));
#3915=DIRECTION('',(-1.,0.,0.));
#3916=DIRECTION('',(0.,-1.,0.));
#3917=DIRECTION('',(0.,0.,-1.));
#3918=DIRECTION('',(0.,1.,0.));
#3919=DIRECTION('',(0.,0.,1.));
#3920=DIRECTION('',(0.,-1.,0.));
#3921=DIRECTION('',(0.,0.,-1.));
#3922=DIRECTION('',(0.,1.,0.));
#3923=DIRECTION('',(0.,0.,1.));
#3924=DIRECTION('',(0.,-1.,0.));
#3925=DIRECTION('',(0.,0.,1.));
#3926=CARTESIAN_POINT('',(0.,0.,0.));
#3927=CARTESIAN_POINT('',(0.,4.125,0.));
#3928=CARTESIAN_POINT('',(4.05557973932874E-15,4.125,28.265));
#3929=CARTESIAN_POINT('',(0.504999999999998,4.125,28.265));
#3930=CARTESIAN_POINT('',(24.685,4.125,28.265));
#3931=CARTESIAN_POINT('',(24.685,4.125,38.265));
#3932=CARTESIAN_POINT('',(34.425,4.125,35.9995199184279));
#3933=CARTESIAN_POINT('',(34.425,4.125,0.));
#3934=CARTESIAN_POINT('',(34.425,4.125,-62.805));
#3935=CARTESIAN_POINT('',(23.725,4.125,-62.805));
#3936=CARTESIAN_POINT('',(23.725,4.125,-73.505));
#3937=CARTESIAN_POINT('',(1.42769320197817E-14,4.125,-73.505));
#3938=CARTESIAN_POINT('',(-23.725,4.125,-73.505));
#3939=CARTESIAN_POINT('',(-23.725,4.125,-62.805));
#3940=CARTESIAN_POINT('',(-34.425,4.125,-62.805));
#3941=CARTESIAN_POINT('',(-34.425,4.125,0.));
#3942=CARTESIAN_POINT('',(-34.425,4.125,62.805));
#3943=CARTESIAN_POINT('',(-23.725,4.125,62.805));
#3944=CARTESIAN_POINT('',(-23.725,4.125,73.505));
#3945=CARTESIAN_POINT('',(1.42769320197817E-14,4.125,73.505));
#3946=CARTESIAN_POINT('',(-1.76048008157218,4.125,73.505));
#3947=CARTESIAN_POINT('',(0.504999999999999,4.125,63.765));
#3948=CARTESIAN_POINT('',(-9.495,4.125,63.765));
#3949=CARTESIAN_POINT('',(-9.49500000000001,4.125,1.29185877681567E-15));
#3950=CARTESIAN_POINT('',(-9.495,4.125,38.265));
#3951=CARTESIAN_POINT('',(0.504999999999999,4.125,38.265));
#3952=CARTESIAN_POINT('',(3.31500000000019,8.67361737988404E-16,-64.305));
#3953=CARTESIAN_POINT('',(3.31500000000019,8.67361737988404E-16,-64.305));
#3954=CARTESIAN_POINT('',(3.31500000000019,1.28,-64.305));
#3955=CARTESIAN_POINT('',(3.31500000000019,-1.28,-64.305));
#3956=CARTESIAN_POINT('',(3.31500000000019,-1.28,-64.305));
#3957=CARTESIAN_POINT('',(-3.31499999999981,-1.28,-64.305));
#3958=CARTESIAN_POINT('',(-3.31499999999981,1.74249155704886E-15,-64.305));
#3959=CARTESIAN_POINT('',(-3.31499999999981,1.28,-64.305));
#3960=CARTESIAN_POINT('',(-3.31499999999981,1.28,-64.305));
#3961=CARTESIAN_POINT('',(-3.31499999999985,0.600000000000002,-64.305));
#3962=CARTESIAN_POINT('',(-3.31499999999985,0.600000000000002,-64.305));
#3963=CARTESIAN_POINT('',(3.31499999999985,0.600000000000001,-64.305));
#3964=CARTESIAN_POINT('',(-3.31499999999985,-0.599999999999999,-64.305));
#3965=CARTESIAN_POINT('',(-3.31499999999985,-0.599999999999999,-64.305));
#3966=CARTESIAN_POINT('',(3.31499999999985,-0.599999999999998,-64.305));
#3967=CARTESIAN_POINT('',(3.31500000000015,-0.599999999999998,-64.305));
#3968=CARTESIAN_POINT('',(3.31500000000015,0.600000000000001,-64.305));
#3969=CARTESIAN_POINT('',(-35.725,-4.125,-74.805));
#3970=CARTESIAN_POINT('',(-2.92499999999999,8.37988930128238E-16,-74.805));
#3971=CARTESIAN_POINT('',(-4.72552075800447,2.825,-74.805));
#3972=CARTESIAN_POINT('',(-4.72552075800447,-2.825,-74.805));
#3973=CARTESIAN_POINT('',(-23.725,-2.825,-74.805));
#3974=CARTESIAN_POINT('',(-23.725,-2.825,-74.805));
#3975=CARTESIAN_POINT('',(-23.725,-4.125,-74.805));
#3976=CARTESIAN_POINT('',(-23.725,2.825,-74.805));
#3977=CARTESIAN_POINT('',(-35.725,2.825,-74.805));
#3978=CARTESIAN_POINT('',(-35.725,-4.125,-74.805));
#3979=CARTESIAN_POINT('',(-23.725,-2.825,-74.805));
#3980=CARTESIAN_POINT('',(23.725,-2.825,-74.805));
#3981=CARTESIAN_POINT('',(4.72552075800448,-2.825,-74.805));
#3982=CARTESIAN_POINT('',(2.92500000000001,2.73691106313437E-48,-74.805));
#3983=CARTESIAN_POINT('',(4.72552075800448,2.825,-74.805));
#3984=CARTESIAN_POINT('',(-35.725,2.825,-74.805));
#3985=CARTESIAN_POINT('',(23.725,2.825,-74.805));
#3986=CARTESIAN_POINT('',(23.725,-4.125,-74.805));
#3987=CARTESIAN_POINT('',(-35.725,-4.125,74.805));
#3988=CARTESIAN_POINT('',(-35.725,1.43000000000001,-7.14499999999999));
#3989=CARTESIAN_POINT('',(-35.725,1.43000000000001,-8.57499999999999));
#3990=CARTESIAN_POINT('',(-35.725,1.43000000000001,-22.155));
#3991=CARTESIAN_POINT('',(-35.725,4.98732999343332E-15,-8.57499999999999));
#3992=CARTESIAN_POINT('',(-35.725,-1.43000000000001,-8.57499999999999));
#3993=CARTESIAN_POINT('',(-35.725,-1.43000000000001,-23.585));
#3994=CARTESIAN_POINT('',(-35.725,-1.43000000000001,-22.155));
#3995=CARTESIAN_POINT('',(-35.725,4.98732999343332E-15,-22.155));
#3996=CARTESIAN_POINT('',(-35.725,-6.50521303491303E-16,22.305));
#3997=CARTESIAN_POINT('',(-35.725,-1.33,22.305));
#3998=CARTESIAN_POINT('',(-35.725,1.33,22.305));
#3999=CARTESIAN_POINT('',(-35.725,1.33,74.805));
#4000=CARTESIAN_POINT('',(-35.725,1.33,30.845));
#4001=CARTESIAN_POINT('',(-35.725,-6.50521303491303E-16,30.845));
#4002=CARTESIAN_POINT('',(-35.725,-1.33,30.845));
#4003=CARTESIAN_POINT('',(-35.725,-1.33,74.805));
#4004=CARTESIAN_POINT('',(-35.725,-4.125,62.805));
#4005=CARTESIAN_POINT('',(-35.725,-2.825,62.805));
#4006=CARTESIAN_POINT('',(-35.725,2.825,62.805));
#4007=CARTESIAN_POINT('',(-35.725,2.825,74.805));
#4008=CARTESIAN_POINT('',(-35.725,2.825,-62.805));
#4009=CARTESIAN_POINT('',(-35.725,-4.125,-62.805));
#4010=CARTESIAN_POINT('',(-35.725,-2.825,-62.805));
#4011=CARTESIAN_POINT('',(-35.725,-2.825,62.805));
#4012=CARTESIAN_POINT('',(-35.725,-6.50521303491303E-16,8.10500000000001));
#4013=CARTESIAN_POINT('',(-35.725,-1.33,8.10500000000001));
#4014=CARTESIAN_POINT('',(-35.725,1.33,8.10500000000001));
#4015=CARTESIAN_POINT('',(-35.725,1.33,74.805));
#4016=CARTESIAN_POINT('',(-35.725,1.33,16.645));
#4017=CARTESIAN_POINT('',(-35.725,-6.50521303491303E-16,16.645));
#4018=CARTESIAN_POINT('',(-35.725,-1.33,16.645));
#4019=CARTESIAN_POINT('',(-35.725,-1.33,74.805));
#4020=CARTESIAN_POINT('',(-35.725,-1.33,74.805));
#4021=CARTESIAN_POINT('',(-35.725,-1.33,38.605));
#4022=CARTESIAN_POINT('',(-35.725,-1.33,42.845));
#4023=CARTESIAN_POINT('',(-35.725,-6.50521303491303E-16,38.605));
#4024=CARTESIAN_POINT('',(-35.725,1.33,38.605));
#4025=CARTESIAN_POINT('',(-35.725,1.33,74.805));
#4026=CARTESIAN_POINT('',(-35.725,1.33,42.845));
#4027=CARTESIAN_POINT('',(-35.725,-6.50521303491303E-16,42.845));
#4028=CARTESIAN_POINT('',(35.725,-4.125,-74.805));
#4029=CARTESIAN_POINT('',(35.725,-2.015,-14.335));
#4030=CARTESIAN_POINT('',(35.725,-2.015,-16.35));
#4031=CARTESIAN_POINT('',(35.725,-2.015,-30.42));
#4032=CARTESIAN_POINT('',(35.725,4.33680868994202E-16,-16.35));
#4033=CARTESIAN_POINT('',(35.725,2.015,-16.35));
#4034=CARTESIAN_POINT('',(35.725,2.015,-32.435));
#4035=CARTESIAN_POINT('',(35.725,2.015,-30.42));
#4036=CARTESIAN_POINT('',(35.725,4.33680868994202E-16,-30.42));
#4037=CARTESIAN_POINT('',(35.725,-4.125,-62.805));
#4038=CARTESIAN_POINT('',(35.725,-2.825,-62.805));
#4039=CARTESIAN_POINT('',(35.725,2.825,-62.805));
#4040=CARTESIAN_POINT('',(35.725,2.825,-74.805));
#4041=CARTESIAN_POINT('',(35.725,2.825,62.805));
#4042=CARTESIAN_POINT('',(35.725,-4.125,62.805));
#4043=CARTESIAN_POINT('',(35.725,-2.825,62.805));
#4044=CARTESIAN_POINT('',(35.725,-2.825,-62.805));
#4045=CARTESIAN_POINT('',(35.725,2.16840434497101E-15,26.995));
#4046=CARTESIAN_POINT('',(35.725,-1.33,26.995));
#4047=CARTESIAN_POINT('',(35.725,1.33,26.995));
#4048=CARTESIAN_POINT('',(35.725,1.33,-74.805));
#4049=CARTESIAN_POINT('',(35.725,1.33,11.955));
#4050=CARTESIAN_POINT('',(35.725,1.95156391047391E-15,11.955));
#4051=CARTESIAN_POINT('',(35.725,-1.33,11.955));
#4052=CARTESIAN_POINT('',(35.725,-1.33,-74.805));
#4053=CARTESIAN_POINT('',(35.725,-4.125,74.805));
#4054=CARTESIAN_POINT('',(23.725,-4.125,74.805));
#4055=CARTESIAN_POINT('',(23.725,-2.825,74.805));
#4056=CARTESIAN_POINT('',(23.725,2.825,74.805));
#4057=CARTESIAN_POINT('',(35.725,2.825,74.805));
#4058=CARTESIAN_POINT('',(-23.725,2.825,74.805));
#4059=CARTESIAN_POINT('',(-23.725,-4.125,74.805));
#4060=CARTESIAN_POINT('',(-23.725,-2.825,74.805));
#4061=CARTESIAN_POINT('',(23.725,-2.825,74.805));
#4062=CARTESIAN_POINT('',(0.,-4.125,0.));
#4063=CARTESIAN_POINT('',(34.425,-4.125,62.805));
#4064=CARTESIAN_POINT('',(34.425,-4.125,-62.805));
#4065=CARTESIAN_POINT('',(34.425,-4.125,62.805));
#4066=CARTESIAN_POINT('',(23.725,-4.125,62.805));
#4067=CARTESIAN_POINT('',(23.725,-4.125,73.505));
#4068=CARTESIAN_POINT('',(-23.725,-4.125,73.505));
#4069=CARTESIAN_POINT('',(-23.725,-4.125,73.505));
#4070=CARTESIAN_POINT('',(-23.725,-4.125,62.805));
#4071=CARTESIAN_POINT('',(-34.425,-4.125,62.805));
#4072=CARTESIAN_POINT('',(-34.425,-4.125,-62.805));
#4073=CARTESIAN_POINT('',(-34.425,-4.125,-62.805));
#4074=CARTESIAN_POINT('',(-23.725,-4.125,-62.805));
#4075=CARTESIAN_POINT('',(-23.725,-4.125,-73.505));
#4076=CARTESIAN_POINT('',(23.725,-4.125,-73.505));
#4077=CARTESIAN_POINT('',(23.725,-4.125,-73.505));
#4078=CARTESIAN_POINT('',(23.725,-4.125,-62.805));
#4079=CARTESIAN_POINT('',(35.95,-1.33,28.325));
#4080=CARTESIAN_POINT('',(35.95,-1.33,11.955));
#4081=CARTESIAN_POINT('',(35.95,-1.33,11.955));
#4082=CARTESIAN_POINT('',(35.95,-1.33,28.325));
#4083=CARTESIAN_POINT('',(35.95,-1.33,26.995));
#4084=CARTESIAN_POINT('',(35.95,-1.33,26.995));
#4085=CARTESIAN_POINT('',(35.95,1.33,10.625));
#4086=CARTESIAN_POINT('',(35.95,1.33,26.995));
#4087=CARTESIAN_POINT('',(35.95,1.33,26.995));
#4088=CARTESIAN_POINT('',(35.95,1.33,10.625));
#4089=CARTESIAN_POINT('',(35.95,1.33,11.955));
#4090=CARTESIAN_POINT('',(35.95,1.33,11.955));
#4091=CARTESIAN_POINT('',(35.95,0.,0.));
#4092=CARTESIAN_POINT('',(35.95,2.16840434497101E-15,26.995));
#4093=CARTESIAN_POINT('',(35.95,1.95156391047391E-15,11.955));
#4094=CARTESIAN_POINT('',(35.95,2.16840434497101E-15,26.995));
#4095=CARTESIAN_POINT('',(35.95,1.95156391047391E-15,11.955));
#4096=CARTESIAN_POINT('',(35.225,-2.015,-14.335));
#4097=CARTESIAN_POINT('',(35.225,-2.015,-14.335));
#4098=CARTESIAN_POINT('',(35.225,-2.015,-16.35));
#4099=CARTESIAN_POINT('',(35.225,-2.015,-30.42));
#4100=CARTESIAN_POINT('',(35.725,-2.015,-16.35));
#4101=CARTESIAN_POINT('',(35.225,-2.015,-30.42));
#4102=CARTESIAN_POINT('',(35.225,1.515,-31.935));
#4103=CARTESIAN_POINT('',(35.725,1.515,-31.935));
#4104=CARTESIAN_POINT('',(35.725,1.515,-30.42));
#4105=CARTESIAN_POINT('',(35.725,1.515,-16.35));
#4106=CARTESIAN_POINT('',(35.225,1.515,-30.42));
#4107=CARTESIAN_POINT('',(35.225,1.515,-30.42));
#4108=CARTESIAN_POINT('',(35.225,1.515,-31.935));
#4109=CARTESIAN_POINT('',(35.225,1.515,-16.35));
#4110=CARTESIAN_POINT('',(35.225,1.515,-16.35));
#4111=CARTESIAN_POINT('',(35.225,-1.515,-14.835));
#4112=CARTESIAN_POINT('',(35.725,-1.515,-14.835));
#4113=CARTESIAN_POINT('',(35.725,-1.515,-16.35));
#4114=CARTESIAN_POINT('',(35.725,-1.515,-30.42));
#4115=CARTESIAN_POINT('',(35.225,-1.515,-16.35));
#4116=CARTESIAN_POINT('',(35.225,-1.515,-16.35));
#4117=CARTESIAN_POINT('',(35.225,-1.515,-14.835));
#4118=CARTESIAN_POINT('',(35.225,-1.515,-30.42));
#4119=CARTESIAN_POINT('',(35.225,-1.515,-30.42));
#4120=CARTESIAN_POINT('',(35.225,2.015,-32.435));
#4121=CARTESIAN_POINT('',(35.225,2.015,-32.435));
#4122=CARTESIAN_POINT('',(35.225,2.015,-30.42));
#4123=CARTESIAN_POINT('',(35.225,2.015,-16.35));
#4124=CARTESIAN_POINT('',(35.725,2.015,-30.42));
#4125=CARTESIAN_POINT('',(35.225,2.015,-16.35));
#4126=CARTESIAN_POINT('',(35.225,0.,0.));
#4127=CARTESIAN_POINT('',(35.225,-2.16840434497101E-16,-16.35));
#4128=CARTESIAN_POINT('',(35.225,-2.16840434497101E-16,-30.42));
#4129=CARTESIAN_POINT('',(35.225,4.33680868994202E-16,-30.42));
#4130=CARTESIAN_POINT('',(35.225,4.33680868994202E-16,-16.35));
#4131=CARTESIAN_POINT('',(35.725,-4.125,-74.805));
#4132=CARTESIAN_POINT('',(35.725,-2.16840434497101E-16,-16.35));
#4133=CARTESIAN_POINT('',(35.725,-2.16840434497101E-16,-30.42));
#4134=CARTESIAN_POINT('',(35.225,-2.16840434497101E-16,-16.35));
#4135=CARTESIAN_POINT('',(35.225,-2.16840434497101E-16,-30.42));
#4136=CARTESIAN_POINT('',(35.225,4.33680868994202E-16,-30.42));
#4137=CARTESIAN_POINT('',(35.225,4.33680868994202E-16,-16.35));
#4138=CARTESIAN_POINT('',(-35.95,-1.33,6.77500000000001));
#4139=CARTESIAN_POINT('',(-35.95,-1.33,16.645));
#4140=CARTESIAN_POINT('',(-35.95,-1.33,16.645));
#4141=CARTESIAN_POINT('',(-35.95,-1.33,6.77500000000001));
#4142=CARTESIAN_POINT('',(-35.95,-1.33,8.10500000000001));
#4143=CARTESIAN_POINT('',(-35.95,-1.33,8.10500000000001));
#4144=CARTESIAN_POINT('',(-35.95,1.33,17.975));
#4145=CARTESIAN_POINT('',(-35.95,1.33,17.975));
#4146=CARTESIAN_POINT('',(-35.95,1.33,16.645));
#4147=CARTESIAN_POINT('',(-35.95,1.33,8.10500000000001));
#4148=CARTESIAN_POINT('',(-35.95,1.33,16.645));
#4149=CARTESIAN_POINT('',(-35.95,1.33,8.10500000000001));
#4150=CARTESIAN_POINT('',(-35.95,0.,0.));
#4151=CARTESIAN_POINT('',(-35.95,-6.50521303491303E-16,16.645));
#4152=CARTESIAN_POINT('',(-35.95,-6.50521303491303E-16,8.10500000000001));
#4153=CARTESIAN_POINT('',(-35.95,-1.33,20.975));
#4154=CARTESIAN_POINT('',(-35.95,-1.33,30.845));
#4155=CARTESIAN_POINT('',(-35.95,-1.33,30.845));
#4156=CARTESIAN_POINT('',(-35.95,-1.33,20.975));
#4157=CARTESIAN_POINT('',(-35.95,-1.33,22.305));
#4158=CARTESIAN_POINT('',(-35.95,-1.33,22.305));
#4159=CARTESIAN_POINT('',(-35.95,1.33,32.175));
#4160=CARTESIAN_POINT('',(-35.95,1.33,32.175));
#4161=CARTESIAN_POINT('',(-35.95,1.33,30.845));
#4162=CARTESIAN_POINT('',(-35.95,1.33,22.305));
#4163=CARTESIAN_POINT('',(-35.95,1.33,30.845));
#4164=CARTESIAN_POINT('',(-35.95,1.33,22.305));
#4165=CARTESIAN_POINT('',(-35.95,0.,0.));
#4166=CARTESIAN_POINT('',(-35.95,-6.50521303491303E-16,30.845));
#4167=CARTESIAN_POINT('',(-35.95,-6.50521303491303E-16,22.305));
#4168=CARTESIAN_POINT('',(-35.95,-1.33,37.275));
#4169=CARTESIAN_POINT('',(-35.95,-1.33,37.275));
#4170=CARTESIAN_POINT('',(-35.95,-1.33,38.605));
#4171=CARTESIAN_POINT('',(-35.95,-1.33,42.845));
#4172=CARTESIAN_POINT('',(-35.95,-1.33,38.605));
#4173=CARTESIAN_POINT('',(-35.95,-1.33,42.845));
#4174=CARTESIAN_POINT('',(-35.95,1.33,44.175));
#4175=CARTESIAN_POINT('',(-35.95,1.33,44.175));
#4176=CARTESIAN_POINT('',(-35.95,1.33,42.845));
#4177=CARTESIAN_POINT('',(-35.95,1.33,38.605));
#4178=CARTESIAN_POINT('',(-35.95,1.33,42.845));
#4179=CARTESIAN_POINT('',(-35.95,1.33,38.605));
#4180=CARTESIAN_POINT('',(-35.95,0.,0.));
#4181=CARTESIAN_POINT('',(-35.95,-6.50521303491303E-16,42.845));
#4182=CARTESIAN_POINT('',(-35.95,-6.50521303491303E-16,38.605));
#4183=CARTESIAN_POINT('',(-35.95,-6.50521303491303E-16,42.845));
#4184=CARTESIAN_POINT('',(-35.95,-6.50521303491303E-16,8.10500000000001));
#4185=CARTESIAN_POINT('',(-35.95,-6.50521303491303E-16,16.645));
#4186=CARTESIAN_POINT('',(-35.95,-6.50521303491303E-16,22.305));
#4187=CARTESIAN_POINT('',(-35.95,-6.50521303491303E-16,30.845));
#4188=CARTESIAN_POINT('',(-35.95,-6.50521303491303E-16,38.605));
#4189=CARTESIAN_POINT('',(-35.225,1.43000000000001,-7.14499999999999));
#4190=CARTESIAN_POINT('',(-35.225,1.43000000000001,-22.155));
#4191=CARTESIAN_POINT('',(-35.225,1.43000000000001,-22.155));
#4192=CARTESIAN_POINT('',(-35.225,1.43000000000001,-7.14499999999999));
#4193=CARTESIAN_POINT('',(-35.225,1.43000000000001,-8.57499999999999));
#4194=CARTESIAN_POINT('',(-35.725,1.43000000000001,-8.57499999999999));
#4195=CARTESIAN_POINT('',(-35.225,-1.38,-23.535));
#4196=CARTESIAN_POINT('',(-35.225,-1.38,-23.535));
#4197=CARTESIAN_POINT('',(-35.225,-1.38,-22.155));
#4198=CARTESIAN_POINT('',(-35.225,-1.38,-8.57499999999999));
#4199=CARTESIAN_POINT('',(-35.225,-1.38,-8.57499999999999));
#4200=CARTESIAN_POINT('',(-35.725,-1.38,-8.57499999999999));
#4201=CARTESIAN_POINT('',(-35.725,-1.38,-23.535));
#4202=CARTESIAN_POINT('',(-35.725,-1.38,-22.155));
#4203=CARTESIAN_POINT('',(-35.225,-1.38,-22.155));
#4204=CARTESIAN_POINT('',(-35.225,1.38,-7.19499999999999));
#4205=CARTESIAN_POINT('',(-35.225,1.38,-7.19499999999999));
#4206=CARTESIAN_POINT('',(-35.225,1.38,-8.57499999999999));
#4207=CARTESIAN_POINT('',(-35.225,1.38,-22.155));
#4208=CARTESIAN_POINT('',(-35.225,1.38,-22.155));
#4209=CARTESIAN_POINT('',(-35.725,1.38,-22.155));
#4210=CARTESIAN_POINT('',(-35.725,1.38,-7.19499999999999));
#4211=CARTESIAN_POINT('',(-35.725,1.38,-8.57499999999999));
#4212=CARTESIAN_POINT('',(-35.225,1.38,-8.57499999999999));
#4213=CARTESIAN_POINT('',(-35.225,-1.43000000000001,-23.585));
#4214=CARTESIAN_POINT('',(-35.225,-1.43000000000001,-8.57499999999999));
#4215=CARTESIAN_POINT('',(-35.225,-1.43000000000001,-8.57499999999999));
#4216=CARTESIAN_POINT('',(-35.225,-1.43000000000001,-23.585));
#4217=CARTESIAN_POINT('',(-35.225,-1.43000000000001,-22.155));
#4218=CARTESIAN_POINT('',(-35.725,-1.43000000000001,-22.155));
#4219=CARTESIAN_POINT('',(-35.225,0.,0.));
#4220=CARTESIAN_POINT('',(-35.225,-2.81892564846231E-15,-8.57499999999999));
#4221=CARTESIAN_POINT('',(-35.225,-2.81892564846231E-15,-22.155));
#4222=CARTESIAN_POINT('',(-35.225,4.98732999343332E-15,-8.57499999999999));
#4223=CARTESIAN_POINT('',(-35.225,4.98732999343332E-15,-22.155));
#4224=CARTESIAN_POINT('',(-35.725,-4.125,74.805));
#4225=CARTESIAN_POINT('',(-35.725,-2.81892564846231E-15,-22.155));
#4226=CARTESIAN_POINT('',(-35.725,-2.81892564846231E-15,-21.455));
#4227=CARTESIAN_POINT('',(-35.725,-2.81892564846231E-15,-22.155));
#4228=CARTESIAN_POINT('',(-35.725,-2.81892564846231E-15,-8.57499999999999));
#4229=CARTESIAN_POINT('',(-35.225,-2.81892564846231E-15,-22.155));
#4230=CARTESIAN_POINT('',(-35.225,-2.81892564846231E-15,-8.57499999999999));
#4231=CARTESIAN_POINT('',(-35.225,4.98732999343332E-15,-8.57499999999999));
#4232=CARTESIAN_POINT('',(-35.225,4.98732999343332E-15,-22.155));
#4233=CARTESIAN_POINT('',(-34.725,-2.81892564846231E-15,-22.155));
#4234=CARTESIAN_POINT('',(-34.725,-2.81892564846231E-15,-22.155));
#4235=CARTESIAN_POINT('',(-34.725,-2.81892564846231E-15,-21.455));
#4236=CARTESIAN_POINT('',(-35.725,-2.81892564846231E-15,-22.155));
#4237=CARTESIAN_POINT('',(-23.725,-4.125,62.805));
#4238=CARTESIAN_POINT('',(-23.725,2.825,62.805));
#4239=CARTESIAN_POINT('',(-23.725,-2.825,62.805));
#4240=CARTESIAN_POINT('',(-23.725,-4.125,-62.805));
#4241=CARTESIAN_POINT('',(-23.725,2.825,-62.805));
#4242=CARTESIAN_POINT('',(-23.725,-2.825,-62.805));
#4243=CARTESIAN_POINT('',(23.725,-4.125,-62.805));
#4244=CARTESIAN_POINT('',(23.725,2.825,-62.805));
#4245=CARTESIAN_POINT('',(23.725,-2.825,-62.805));
#4246=CARTESIAN_POINT('',(23.725,-4.125,62.805));
#4247=CARTESIAN_POINT('',(23.725,2.825,62.805));
#4248=CARTESIAN_POINT('',(23.725,-2.825,62.805));
#4249=CARTESIAN_POINT('',(-23.725,-2.825,-62.805));
#4250=CARTESIAN_POINT('',(-34.425,-2.825,-62.805));
#4251=CARTESIAN_POINT('',(-23.725,-2.825,-73.505));
#4252=CARTESIAN_POINT('',(1.42769320197817E-14,-2.825,-73.505));
#4253=CARTESIAN_POINT('',(-4.72552075800447,-2.825,-74.805));
#4254=CARTESIAN_POINT('',(-4.18528931339654,-3.16931785137817,-74.805));
#4255=CARTESIAN_POINT('',(-3.56476354691853,-3.35000000000001,-74.6942749892268));
#4256=CARTESIAN_POINT('',(-2.92499999999998,-3.35,-74.6942749892268));
#4257=CARTESIAN_POINT('',(-2.92499999999999,-3.35,-74.6942749892267));
#4258=CARTESIAN_POINT('',(1.45804939184218E-14,-3.35,-74.6942749892267));
#4259=CARTESIAN_POINT('',(2.92500000000001,-3.35,-74.6942749892267));
#4260=CARTESIAN_POINT('',(2.92500000000001,-3.35,-74.6942749892267));
#4261=CARTESIAN_POINT('',(3.56518529864152,-3.35,-74.6942749892267));
#4262=CARTESIAN_POINT('',(4.18551538880476,-3.16917376165507,-74.8050000000002));
#4263=CARTESIAN_POINT('',(4.72552075800424,-2.82499999999927,-74.805));
#4264=CARTESIAN_POINT('',(23.725,-2.825,-73.505));
#4265=CARTESIAN_POINT('',(-34.425,-2.825,0.));
#4266=CARTESIAN_POINT('',(-34.425,-2.825,62.805));
#4267=CARTESIAN_POINT('',(23.725,-2.825,-62.805));
#4268=CARTESIAN_POINT('',(34.425,-2.825,-62.805));
#4269=CARTESIAN_POINT('',(-23.725,-2.825,62.805));
#4270=CARTESIAN_POINT('',(-23.725,-2.825,73.505));
#4271=CARTESIAN_POINT('',(34.425,-2.825,0.));
#4272=CARTESIAN_POINT('',(34.425,-2.825,62.805));
#4273=CARTESIAN_POINT('',(1.42769320197817E-14,-2.825,73.505));
#4274=CARTESIAN_POINT('',(23.725,-2.825,73.505));
#4275=CARTESIAN_POINT('',(23.725,-2.825,62.805));
#4276=CARTESIAN_POINT('',(-23.725,2.825,-62.805));
#4277=CARTESIAN_POINT('',(-23.725,2.825,-73.505));
#4278=CARTESIAN_POINT('',(-34.425,2.825,-62.805));
#4279=CARTESIAN_POINT('',(-34.425,2.825,74.805));
#4280=CARTESIAN_POINT('',(-34.425,2.825,62.805));
#4281=CARTESIAN_POINT('',(-35.725,2.825,-73.505));
#4282=CARTESIAN_POINT('',(-35.725,3.35000000000001,-74.6942749892266));
#4283=CARTESIAN_POINT('',(-2.92499999999999,3.35000000000001,-74.6942749892266));
#4284=CARTESIAN_POINT('',(2.925,3.35000000000001,-74.6942749892266));
#4285=CARTESIAN_POINT('',(-2.92499999999999,3.35,-74.6942749892267));
#4286=CARTESIAN_POINT('',(-3.5651852986415,3.35,-74.6942749892267));
#4287=CARTESIAN_POINT('',(-4.18551538880475,3.16917376165507,-74.8050000000002));
#4288=CARTESIAN_POINT('',(-4.72552075800423,2.82499999999927,-74.805));
#4289=CARTESIAN_POINT('',(23.725,2.825,-73.505));
#4290=CARTESIAN_POINT('',(4.72552075800448,2.825,-74.805));
#4291=CARTESIAN_POINT('',(4.18528931339655,3.16931785137816,-74.805));
#4292=CARTESIAN_POINT('',(3.56476354691854,3.35,-74.6942749892268));
#4293=CARTESIAN_POINT('',(2.92499999999999,3.35,-74.6942749892268));
#4294=CARTESIAN_POINT('',(-23.725,2.825,62.805));
#4295=CARTESIAN_POINT('',(-23.725,2.825,73.505));
#4296=CARTESIAN_POINT('',(23.725,2.825,-62.805));
#4297=CARTESIAN_POINT('',(34.425,2.825,-62.805));
#4298=CARTESIAN_POINT('',(35.725,2.825,73.505));
#4299=CARTESIAN_POINT('',(35.725,4.12107873740836,73.6058955223881));
#4300=CARTESIAN_POINT('',(23.725,4.12107873740836,73.6058955223881));
#4301=CARTESIAN_POINT('',(0.504999999999999,4.12107873740836,73.6058955223881));
#4302=CARTESIAN_POINT('',(0.504999999999999,4.12107873740836,73.6058955223881));
#4303=CARTESIAN_POINT('',(-0.251660118763843,4.12107873740836,73.6058955223881));
#4304=CARTESIAN_POINT('',(-1.00684945627474,4.12500000000001,73.573023406222));
#4305=CARTESIAN_POINT('',(-1.76048008157218,4.12500000000001,73.505));
#4306=CARTESIAN_POINT('',(23.725,2.825,73.505));
#4307=CARTESIAN_POINT('',(34.425,2.825,-74.805));
#4308=CARTESIAN_POINT('',(34.425,4.125,35.9995199184279));
#4309=CARTESIAN_POINT('',(34.493023406222,4.125,36.7531505437253));
#4310=CARTESIAN_POINT('',(34.5258955223877,4.12107873740987,37.5083398812362));
#4311=CARTESIAN_POINT('',(34.5258955223877,4.12107873740987,38.2650000000001));
#4312=CARTESIAN_POINT('',(34.525895522388,4.12107873740836,38.265));
#4313=CARTESIAN_POINT('',(34.525895522388,4.12107873740836,-74.805));
#4314=CARTESIAN_POINT('',(34.525895522388,4.12107873740836,62.805));
#4315=CARTESIAN_POINT('',(34.425,2.825,62.805));
#4316=CARTESIAN_POINT('',(23.725,2.825,62.805));
#4317=CARTESIAN_POINT('',(34.5258955223881,4.12107873740836,62.805));
#4318=CARTESIAN_POINT('',(34.525895522388,4.12107873740836,63.1198463677053));
#4319=CARTESIAN_POINT('',(34.5175406148584,4.12069256839971,63.4344711093528));
#4320=CARTESIAN_POINT('',(34.5009211872784,4.11970802987253,63.7488763083748));
#4321=CARTESIAN_POINT('',(34.5009211872784,4.11970802987252,63.7488763083748));
#4322=CARTESIAN_POINT('',(34.5009211872784,4.11970802987253,63.7488763083748));
#4323=CARTESIAN_POINT('',(34.433432780703,4.11571000189642,65.0256173873827));
#4324=CARTESIAN_POINT('',(33.8301185301617,4.10496409440705,67.524302222855));
#4325=CARTESIAN_POINT('',(31.63872282653,4.09707390857087,70.7185601163138));
#4326=CARTESIAN_POINT('',(28.4443065159742,4.10496391780717,72.9101423929045));
#4327=CARTESIAN_POINT('',(25.9456174321123,4.11571000175637,73.5134327783386));
#4328=CARTESIAN_POINT('',(24.6688763083748,4.11970802987253,73.5809211872784));
#4329=CARTESIAN_POINT('',(24.6688763083748,4.11970802987252,73.5809211872784));
#4330=CARTESIAN_POINT('',(24.6688763083748,4.11970802987252,73.5809211872784));
#4331=CARTESIAN_POINT('',(24.3544711093527,4.12069256839971,73.5975406148584));
#4332=CARTESIAN_POINT('',(24.0398463677052,4.12107873740836,73.6058955223881));
#4333=CARTESIAN_POINT('',(23.725,4.12107873740836,73.6058955223881));
#4334=CARTESIAN_POINT('',(-6.27499999999999,3.35,-74.305));
#4335=CARTESIAN_POINT('',(2.92500000000001,3.35,-74.305));
#4336=CARTESIAN_POINT('',(2.92500000000001,3.35,-74.305));
#4337=CARTESIAN_POINT('',(-6.27499999999999,3.35,-74.305));
#4338=CARTESIAN_POINT('',(-2.92499999999999,3.35,-74.305));
#4339=CARTESIAN_POINT('',(-2.92499999999999,3.35,-74.6942749892266));
#4340=CARTESIAN_POINT('',(-6.22499999999999,-3.3,-74.305));
#4341=CARTESIAN_POINT('',(-6.22499999999999,-3.3,-74.305));
#4342=CARTESIAN_POINT('',(-6.22499999999999,-0.0499999999999975,-74.305));
#4343=CARTESIAN_POINT('',(-6.22499999999999,0.050000000000001,-74.305));
#4344=CARTESIAN_POINT('',(-6.22499999999999,0.050000000000001,-74.305));
#4345=CARTESIAN_POINT('',(-6.22499999999999,0.050000000000001,-74.805));
#4346=CARTESIAN_POINT('',(-6.22499999999999,-3.3,-74.805));
#4347=CARTESIAN_POINT('',(-6.22499999999999,-0.0499999999999975,-74.805));
#4348=CARTESIAN_POINT('',(-6.22499999999999,-0.0499999999999975,-74.305));
#4349=CARTESIAN_POINT('',(6.225,-3.3,-74.305));
#4350=CARTESIAN_POINT('',(1.4445789081118E-14,-3.3,-74.7151136310281));
#4351=CARTESIAN_POINT('',(2.975,-3.3,-74.7151136310281));
#4352=CARTESIAN_POINT('',(-2.97499999999999,-3.3,-74.7151136310281));
#4353=CARTESIAN_POINT('',(2.975,-3.3,-74.305));
#4354=CARTESIAN_POINT('',(2.975,-3.3,-74.305));
#4355=CARTESIAN_POINT('',(6.225,-3.3,-74.305));
#4356=CARTESIAN_POINT('',(-2.97499999999999,-3.3,-74.305));
#4357=CARTESIAN_POINT('',(-2.97499999999999,-3.3,-74.305));
#4358=CARTESIAN_POINT('',(6.225,3.3,-74.305));
#4359=CARTESIAN_POINT('',(6.225,3.3,-74.805));
#4360=CARTESIAN_POINT('',(6.225,0.0500000000000001,-74.805));
#4361=CARTESIAN_POINT('',(6.225,-0.0499999999999984,-74.805));
#4362=CARTESIAN_POINT('',(6.225,0.0500000000000001,-74.305));
#4363=CARTESIAN_POINT('',(6.225,0.0500000000000001,-74.305));
#4364=CARTESIAN_POINT('',(6.225,3.3,-74.305));
#4365=CARTESIAN_POINT('',(6.225,-0.0499999999999984,-74.305));
#4366=CARTESIAN_POINT('',(6.225,-0.0499999999999984,-74.305));
#4367=CARTESIAN_POINT('',(-6.22499999999999,3.3,-74.305));
#4368=CARTESIAN_POINT('',(-35.725,3.30000000000001,-74.7151136310281));
#4369=CARTESIAN_POINT('',(-2.97499999999998,3.30000000000001,-74.7151136310281));
#4370=CARTESIAN_POINT('',(2.975,3.30000000000001,-74.7151136310281));
#4371=CARTESIAN_POINT('',(-2.97499999999998,3.3,-74.305));
#4372=CARTESIAN_POINT('',(-2.97499999999998,3.3,-74.305));
#4373=CARTESIAN_POINT('',(-6.22499999999999,3.3,-74.305));
#4374=CARTESIAN_POINT('',(2.975,3.3,-74.305));
#4375=CARTESIAN_POINT('',(2.975,3.3,-74.305));
#4376=CARTESIAN_POINT('',(6.275,-3.35,-74.305));
#4377=CARTESIAN_POINT('',(-2.92499999999999,-3.35,-74.305));
#4378=CARTESIAN_POINT('',(-2.92499999999999,-3.35,-74.305));
#4379=CARTESIAN_POINT('',(6.275,-3.35,-74.305));
#4380=CARTESIAN_POINT('',(2.92500000000001,-3.35,-74.305));
#4381=CARTESIAN_POINT('',(2.92500000000001,-3.35,-74.6942749892267));
#4382=CARTESIAN_POINT('',(2.17321185049453E-14,0.,-74.305));
#4383=CARTESIAN_POINT('',(-2.97499999999999,-0.0499999999999975,-74.305));
#4384=CARTESIAN_POINT('',(2.975,-0.0499999999999984,-74.305));
#4385=CARTESIAN_POINT('',(2.975,0.0500000000000001,-74.305));
#4386=CARTESIAN_POINT('',(-2.97499999999999,0.050000000000001,-74.305));
#4387=CARTESIAN_POINT('',(-2.92499999999999,8.37988930128238E-16,-74.305));
#4388=CARTESIAN_POINT('',(2.92500000000001,-4.68274573763495E-63,-74.305));
#4389=CARTESIAN_POINT('',(-35.725,2.825,-73.505));
#4390=CARTESIAN_POINT('',(-35.725,2.825,-74.805));
#4391=CARTESIAN_POINT('',(-4.6667077170717,2.825,-74.805));
#4392=CARTESIAN_POINT('',(4.66670771707171,2.825,-74.805));
#4393=CARTESIAN_POINT('',(-4.6667077170717,2.825,-74.805));
#4394=CARTESIAN_POINT('',(-4.15527688254925,3.13678071694056,-74.805));
#4395=CARTESIAN_POINT('',(-3.57321867133143,3.3,-74.7151136310281));
#4396=CARTESIAN_POINT('',(-2.97499999999998,3.3,-74.7151136310281));
#4397=CARTESIAN_POINT('',(2.975,3.3,-74.7151136310281));
#4398=CARTESIAN_POINT('',(3.5736842505958,3.3,-74.7151136310281));
#4399=CARTESIAN_POINT('',(4.15552744770631,3.1366279663064,-74.805));
#4400=CARTESIAN_POINT('',(4.66670771707172,2.825,-74.805));
#4401=CARTESIAN_POINT('',(1.42769320197817E-14,-2.825,-73.505));
#4402=CARTESIAN_POINT('',(-23.725,-2.825,-74.805));
#4403=CARTESIAN_POINT('',(4.66670771707171,-2.825,-74.805));
#4404=CARTESIAN_POINT('',(-4.6667077170717,-2.825,-74.805));
#4405=CARTESIAN_POINT('',(4.66670771707171,-2.825,-74.805));
#4406=CARTESIAN_POINT('',(4.15527688254926,-3.13678071694056,-74.805));
#4407=CARTESIAN_POINT('',(3.57321867133144,-3.3,-74.7151136310281));
#4408=CARTESIAN_POINT('',(2.975,-3.3,-74.7151136310281));
#4409=CARTESIAN_POINT('',(-2.97499999999999,-3.3,-74.7151136310281));
#4410=CARTESIAN_POINT('',(-3.57368425059579,-3.3,-74.7151136310281));
#4411=CARTESIAN_POINT('',(-4.15552744770629,-3.1366279663064,-74.805));
#4412=CARTESIAN_POINT('',(-4.6667077170717,-2.825,-74.805));
#4413=CARTESIAN_POINT('',(-35.725,-4.125,-74.805));
#4414=CARTESIAN_POINT('',(-4.88499999999982,1.57,-74.805));
#4415=CARTESIAN_POINT('',(-3.31499999999982,1.57,-74.805));
#4416=CARTESIAN_POINT('',(3.31500000000018,1.57,-74.805));
#4417=CARTESIAN_POINT('',(-3.31499999999982,4.41448950066258E-16,-74.805));
#4418=CARTESIAN_POINT('',(-3.31499999999982,-1.57,-74.805));
#4419=CARTESIAN_POINT('',(4.88500000000018,-1.57,-74.805));
#4420=CARTESIAN_POINT('',(3.31500000000018,-1.57,-74.805));
#4421=CARTESIAN_POINT('',(3.31500000000018,-4.33680868994202E-16,-74.805));
#4422=CARTESIAN_POINT('',(-2.97499999999999,0.050000000000001,-74.805));
#4423=CARTESIAN_POINT('',(2.975,0.0500000000000001,-74.805));
#4424=CARTESIAN_POINT('',(2.975,-0.0499999999999984,-74.805));
#4425=CARTESIAN_POINT('',(-2.97499999999999,-0.0499999999999975,-74.805));
#4426=CARTESIAN_POINT('',(-2.97499999999999,-0.0499999999999975,-74.305));
#4427=CARTESIAN_POINT('',(2.975,-0.0499999999999984,-74.305));
#4428=CARTESIAN_POINT('',(2.975,0.0500000000000001,-74.305));
#4429=CARTESIAN_POINT('',(-2.97499999999999,0.050000000000001,-74.305));
#4430=CARTESIAN_POINT('',(-2.92499999999999,8.37988930128238E-16,-74.305));
#4431=CARTESIAN_POINT('',(2.92500000000001,0.,-74.305));
#4432=CARTESIAN_POINT('',(-4.88499999999982,1.57,-74.305));
#4433=CARTESIAN_POINT('',(3.31500000000018,1.57,-74.305));
#4434=CARTESIAN_POINT('',(3.31500000000018,1.57,-74.305));
#4435=CARTESIAN_POINT('',(-4.88499999999982,1.57,-74.305));
#4436=CARTESIAN_POINT('',(-3.31499999999982,1.57,-74.305));
#4437=CARTESIAN_POINT('',(-3.31499999999982,1.57,-74.805));
#4438=CARTESIAN_POINT('',(4.88500000000018,-1.57,-74.305));
#4439=CARTESIAN_POINT('',(-3.31499999999982,-1.57,-74.305));
#4440=CARTESIAN_POINT('',(-3.31499999999982,-1.57,-74.305));
#4441=CARTESIAN_POINT('',(4.88500000000018,-1.57,-74.305));
#4442=CARTESIAN_POINT('',(3.31500000000018,-1.57,-74.305));
#4443=CARTESIAN_POINT('',(3.31500000000018,-1.57,-74.805));
#4444=CARTESIAN_POINT('',(8.26403220522699E-14,0.,-74.305));
#4445=CARTESIAN_POINT('',(3.31500000000019,8.67361737988404E-16,-74.305));
#4446=CARTESIAN_POINT('',(3.31500000000019,1.28,-74.305));
#4447=CARTESIAN_POINT('',(3.31500000000019,-1.28,-74.305));
#4448=CARTESIAN_POINT('',(-3.31499999999981,1.28,-74.305));
#4449=CARTESIAN_POINT('',(-3.31499999999981,1.28,-74.305));
#4450=CARTESIAN_POINT('',(-3.31499999999981,1.74249155704886E-15,-74.305));
#4451=CARTESIAN_POINT('',(-3.31499999999981,-1.28,-74.305));
#4452=CARTESIAN_POINT('',(3.31500000000019,-1.28,-74.305));
#4453=CARTESIAN_POINT('',(-3.31499999999982,4.41448950066258E-16,-74.305));
#4454=CARTESIAN_POINT('',(3.31500000000018,-4.33680868994202E-16,-74.305));
#4455=CARTESIAN_POINT('',(-3.31499999999982,4.41448950066258E-16,-74.305));
#4456=CARTESIAN_POINT('',(3.31500000000018,-4.33680868994202E-16,-74.305));
#4457=CARTESIAN_POINT('',(3.31500000000019,8.67361737988404E-16,-64.305));
#4458=CARTESIAN_POINT('',(3.31500000000019,-1.28,-64.305));
#4459=CARTESIAN_POINT('',(3.31500000000019,1.28,-64.305));
#4460=CARTESIAN_POINT('',(3.31500000000019,-1.28,-64.305));
#4461=CARTESIAN_POINT('',(-3.31499999999981,-1.28,-64.305));
#4462=CARTESIAN_POINT('',(-3.31499999999981,1.74249155704886E-15,-64.305));
#4463=CARTESIAN_POINT('',(-3.31499999999981,1.28,-64.305));
#4464=CARTESIAN_POINT('',(-3.31499999999981,1.28,-64.305));
#4465=CARTESIAN_POINT('',(-3.31499999999985,-0.599999999999999,-73.305));
#4466=CARTESIAN_POINT('',(-3.31499999999985,0.600000000000002,-73.305));
#4467=CARTESIAN_POINT('',(-3.31499999999985,0.600000000000002,-73.305));
#4468=CARTESIAN_POINT('',(-3.31499999999985,-0.599999999999999,-73.305));
#4469=CARTESIAN_POINT('',(-3.31499999999985,-0.599999999999999,-73.305));
#4470=CARTESIAN_POINT('',(-3.31499999999985,-0.599999999999999,-73.305));
#4471=CARTESIAN_POINT('',(-3.31499999999985,0.600000000000002,-73.305));
#4472=CARTESIAN_POINT('',(3.31499999999985,0.600000000000001,-73.305));
#4473=CARTESIAN_POINT('',(3.31499999999985,0.600000000000001,-73.305));
#4474=CARTESIAN_POINT('',(-3.31499999999985,0.600000000000002,-73.305));
#4475=CARTESIAN_POINT('',(3.31500000000015,0.600000000000001,-73.305));
#4476=CARTESIAN_POINT('',(3.31500000000015,-0.599999999999998,-73.305));
#4477=CARTESIAN_POINT('',(3.31500000000015,-0.599999999999998,-73.305));
#4478=CARTESIAN_POINT('',(3.31500000000015,0.600000000000001,-73.305));
#4479=CARTESIAN_POINT('',(3.31499999999985,-0.599999999999998,-73.305));
#4480=CARTESIAN_POINT('',(3.31499999999985,-0.599999999999998,-73.305));
#4481=CARTESIAN_POINT('',(0.,0.,-73.305));
#4482=CARTESIAN_POINT('',(0.504999999999999,4.125,63.765));
#4483=CARTESIAN_POINT('',(0.504999999999999,6.175,63.765));
#4484=CARTESIAN_POINT('',(-1.29605666484988,6.175,71.5083));
#4485=CARTESIAN_POINT('',(0.504999999999999,6.175,71.715));
#4486=CARTESIAN_POINT('',(-1.29605666484988,6.175,71.5083));
#4487=CARTESIAN_POINT('',(-0.703593411745769,6.175,71.6461042812085));
#4488=CARTESIAN_POINT('',(-0.103278493946733,6.16489520793692,71.715));
#4489=CARTESIAN_POINT('',(0.504999999999996,6.16489520793692,71.715));
#4490=CARTESIAN_POINT('',(0.504999999999999,6.16489520793692,71.715));
#4491=CARTESIAN_POINT('',(0.504999999999999,4.125,71.715));
#4492=CARTESIAN_POINT('',(24.685,4.125,38.265));
#4493=CARTESIAN_POINT('',(32.635,4.125,38.265));
#4494=CARTESIAN_POINT('',(32.635,6.16489520793692,38.265));
#4495=CARTESIAN_POINT('',(32.635,6.175,38.265));
#4496=CARTESIAN_POINT('',(32.635,6.16489520793692,38.265));
#4497=CARTESIAN_POINT('',(32.635,6.16489520793692,37.6567215060533));
#4498=CARTESIAN_POINT('',(32.5661042812085,6.175,37.0564065882543));
#4499=CARTESIAN_POINT('',(32.4283,6.175,36.4639433351502));
#4500=CARTESIAN_POINT('',(32.4283,6.175,36.4639433351502));
#4501=CARTESIAN_POINT('',(24.685,6.175,38.265));
#4502=CARTESIAN_POINT('',(32.635,4.125,63.765));
#4503=CARTESIAN_POINT('',(32.635,4.125,63.765));
#4504=CARTESIAN_POINT('',(32.635,6.16136300005612,63.765));
#4505=CARTESIAN_POINT('',(32.635,6.175,63.765));
#4506=CARTESIAN_POINT('',(32.635,6.16136300005612,63.7650000000001));
#4507=CARTESIAN_POINT('',(32.635,6.16389011718575,63.4450049661169));
#4508=CARTESIAN_POINT('',(32.635,6.16489520793692,63.1250043321155));
#4509=CARTESIAN_POINT('',(32.635,6.16489520793692,62.805));
#4510=CARTESIAN_POINT('',(32.635,6.16489520793692,62.805));
#4511=CARTESIAN_POINT('',(32.635,6.16489520793692,38.265));
#4512=CARTESIAN_POINT('',(32.635,6.175,63.765));
#4513=CARTESIAN_POINT('',(24.685,4.125,63.765));
#4514=CARTESIAN_POINT('',(24.685,4.125,71.715));
#4515=CARTESIAN_POINT('',(24.685,6.16136300005612,71.715));
#4516=CARTESIAN_POINT('',(24.685,6.175,71.715));
#4517=CARTESIAN_POINT('',(24.685,6.16136300005612,71.715));
#4518=CARTESIAN_POINT('',(25.7343763867588,6.15093871468607,71.715));
#4519=CARTESIAN_POINT('',(27.8046621505188,6.12317733918053,71.2999742165933));
#4520=CARTESIAN_POINT('',(30.4536705853393,6.10313221060868,69.5335146423785));
#4521=CARTESIAN_POINT('',(32.2199485765696,6.12317783052734,66.8846610679845));
#4522=CARTESIAN_POINT('',(32.635,6.15093871481471,64.8143763738087));
#4523=CARTESIAN_POINT('',(32.635,6.16136300005612,63.7650000000001));
#4524=CARTESIAN_POINT('',(24.685,6.175,63.765));
#4525=CARTESIAN_POINT('',(0.504999999999999,4.125,71.715));
#4526=CARTESIAN_POINT('',(24.685,6.16489520793692,71.715));
#4527=CARTESIAN_POINT('',(23.725,6.16489520793692,71.715));
#4528=CARTESIAN_POINT('',(23.725,6.16489520793692,71.715));
#4529=CARTESIAN_POINT('',(24.0450043321155,6.16489520793692,71.715));
#4530=CARTESIAN_POINT('',(24.3650049661169,6.16389011718575,71.715));
#4531=CARTESIAN_POINT('',(24.685,6.16136300005612,71.715));
#4532=CARTESIAN_POINT('',(0.504999999999999,6.175,71.715));
#4533=CARTESIAN_POINT('',(6.55,6.175,60.54));
#4534=CARTESIAN_POINT('',(-2.275,6.175,40.665));
#4535=CARTESIAN_POINT('',(-2.275,6.175,41.04));
#4536=CARTESIAN_POINT('',(3.56500000000001,6.175,64.585));
#4537=CARTESIAN_POINT('',(0.0550000000000095,6.175,64.585));
#4538=CARTESIAN_POINT('',(21.555,6.175,60.635));
#4539=CARTESIAN_POINT('',(21.555,6.175,68.735));
#4540=CARTESIAN_POINT('',(3.56500000000001,6.175,51.015));
#4541=CARTESIAN_POINT('',(3.56500000000001,6.175,59.115));
#4542=CARTESIAN_POINT('',(21.555,6.175,41.395));
#4543=CARTESIAN_POINT('',(21.555,6.175,49.495));
#4544=CARTESIAN_POINT('',(0.504999999999999,6.175,38.265));
#4545=CARTESIAN_POINT('',(0.504999999999999,6.175,30.315));
#4546=CARTESIAN_POINT('',(-7.445,6.175,38.265));
#4547=CARTESIAN_POINT('',(-7.44500000000001,6.175,38.265));
#4548=CARTESIAN_POINT('',(-7.445,6.175,63.765));
#4549=CARTESIAN_POINT('',(0.504999999999999,6.175,63.765));
#4550=CARTESIAN_POINT('',(24.685,6.175,38.265));
#4551=CARTESIAN_POINT('',(24.685,6.175,30.315));
#4552=CARTESIAN_POINT('',(24.685,6.175,30.315));
#4553=CARTESIAN_POINT('',(24.6688763083748,4.11970802987252,73.5809211872784));
#4554=CARTESIAN_POINT('',(24.670204833579,4.28793191739094,71.715));
#4555=CARTESIAN_POINT('',(24.685,6.16136300005612,71.715));
#4556=CARTESIAN_POINT('',(24.3557057532515,4.12068870216483,73.5974753520524));
#4557=CARTESIAN_POINT('',(24.355195258634,4.27511068488486,71.7149999999961));
#4558=CARTESIAN_POINT('',(24.3650049661134,6.16389011644441,71.715));
#4559=CARTESIAN_POINT('',(24.0403588846114,4.1210787374087,73.6058955223837));
#4560=CARTESIAN_POINT('',(24.040693455778,4.26827881562183,71.7150000000034));
#4561=CARTESIAN_POINT('',(24.0450043321163,6.16489520793747,71.715));
#4562=CARTESIAN_POINT('',(23.725,4.12107873740836,73.6058955223881));
#4563=CARTESIAN_POINT('',(23.725,4.26827881561817,71.715));
#4564=CARTESIAN_POINT('',(23.725,6.16489520793692,71.715));
#4565=CARTESIAN_POINT('',(23.725,6.16489520793692,73.765));
#4566=CARTESIAN_POINT('',(24.685,6.16136300005612,73.765));
#4567=CARTESIAN_POINT('',(34.5009211872784,4.11970802987252,63.7488763083748));
#4568=CARTESIAN_POINT('',(32.635,4.28793191739094,63.7502048335791));
#4569=CARTESIAN_POINT('',(32.635,6.16136300005612,63.765));
#4570=CARTESIAN_POINT('',(34.4334284533275,4.11570974550466,65.0256992570751));
#4571=CARTESIAN_POINT('',(32.6369006443477,4.34094968280663,64.7685045285482));
#4572=CARTESIAN_POINT('',(32.635,6.15105972855348,64.8021943134164));
#4573=CARTESIAN_POINT('',(33.8225378331765,4.10488738602205,67.544092933128));
#4574=CARTESIAN_POINT('',(32.2405203917059,4.41027532784588,66.8484986833598));
#4575=CARTESIAN_POINT('',(32.2219578690295,6.12317134102652,66.8858053142946));
#4576=CARTESIAN_POINT('',(31.6356608402595,4.09711219217531,70.7155247450296));
#4577=CARTESIAN_POINT('',(30.4558011056163,4.43908791840626,69.5356880906408));
#4578=CARTESIAN_POINT('',(30.4528641146729,6.10313526438981,69.5327517316467));
#4579=CARTESIAN_POINT('',(28.4640267523519,4.10488749176505,72.9026015747432));
#4580=CARTESIAN_POINT('',(27.7684405340234,4.41027547138137,71.3205736793251));
#4581=CARTESIAN_POINT('',(27.8057499337213,6.12317161351864,71.302010422009));
#4582=CARTESIAN_POINT('',(25.9456242628247,4.11570998034525,73.5134324175029));
#4583=CARTESIAN_POINT('',(25.6884456359577,4.34094661656904,71.7169005344279));
#4584=CARTESIAN_POINT('',(25.7221333937686,6.15106033371835,71.715));
#4585=CARTESIAN_POINT('',(24.6688763083748,4.11970802987253,73.5809211872784));
#4586=CARTESIAN_POINT('',(24.670204833579,4.28793191739095,71.715));
#4587=CARTESIAN_POINT('',(24.685,6.16136300005612,71.715));
#4588=CARTESIAN_POINT('',(34.685,6.16136300005612,63.7650000000001));
#4589=CARTESIAN_POINT('',(35.725,6.16489520793692,73.765));
#4590=CARTESIAN_POINT('',(0.504999999999999,6.16489520793692,73.765));
#4591=CARTESIAN_POINT('',(34.5258955223881,4.12107873740836,62.805));
#4592=CARTESIAN_POINT('',(32.635,4.26827881561817,62.805));
#4593=CARTESIAN_POINT('',(32.635,6.16489520793692,62.805));
#4594=CARTESIAN_POINT('',(34.525895522388,4.12107873740836,63.120358884608));
#4595=CARTESIAN_POINT('',(32.6349999999976,4.26827881561907,63.1206934557812));
#4596=CARTESIAN_POINT('',(32.635,6.16489520793761,63.1250043321114));
#4597=CARTESIAN_POINT('',(34.5174753520535,4.12068870216465,63.4357057532627));
#4598=CARTESIAN_POINT('',(32.6349999999995,4.27511068488357,63.4351952586487));
#4599=CARTESIAN_POINT('',(32.635,6.16389011644454,63.4450049661229));
#4600=CARTESIAN_POINT('',(34.5009211872784,4.11970802987252,63.7488763083748));
#4601=CARTESIAN_POINT('',(32.635,4.28793191739094,63.7502048335791));
#4602=CARTESIAN_POINT('',(32.635,6.16136300005612,63.7650000000001));
#4603=CARTESIAN_POINT('',(34.685,6.16489520793692,62.805));
#4604=CARTESIAN_POINT('',(0.504999999999999,4.12107873740836,73.6058955223881));
#4605=CARTESIAN_POINT('',(0.504999999999999,4.26827881561817,71.715));
#4606=CARTESIAN_POINT('',(0.504999999999999,6.16489520793692,71.715));
#4607=CARTESIAN_POINT('',(-0.260121434002264,4.12107873743441,73.6058955220534));
#4608=CARTESIAN_POINT('',(-0.11456822131367,4.26827881517278,71.7149999992692));
#4609=CARTESIAN_POINT('',(-0.103271540031874,6.1648952080076,71.715));
#4610=CARTESIAN_POINT('',(-1.01525180467644,4.125,73.5722650020401));
#4611=CARTESIAN_POINT('',(-0.740992509839944,4.22577449987379,71.6374054242515));
#4612=CARTESIAN_POINT('',(-0.703600184876772,6.17499999482629,71.6461027058088));
#4613=CARTESIAN_POINT('',(-1.76048008157219,4.125,73.505));
#4614=CARTESIAN_POINT('',(-1.29605666484989,4.125,71.5083));
#4615=CARTESIAN_POINT('',(-1.29605666484989,6.175,71.5083));
#4616=CARTESIAN_POINT('',(-1.76048008157218,6.175,73.505));
#4617=CARTESIAN_POINT('',(34.685,6.16489520793692,-74.805));
#4618=CARTESIAN_POINT('',(34.685,6.16489520793692,38.265));
#4619=CARTESIAN_POINT('',(0.504999999999999,6.175,63.765));
#4620=CARTESIAN_POINT('',(-9.495,6.175,63.765));
#4621=CARTESIAN_POINT('',(34.425,4.125,35.9995199184279));
#4622=CARTESIAN_POINT('',(32.4283,4.125,36.4639433351502));
#4623=CARTESIAN_POINT('',(32.4283,6.175,36.4639433351502));
#4624=CARTESIAN_POINT('',(34.4922650020295,4.125,36.7447481953177));
#4625=CARTESIAN_POINT('',(32.5574054242385,4.22577449988147,37.0190074901447));
#4626=CARTESIAN_POINT('',(32.5661027058061,6.17499999482728,37.0563998151119));
#4627=CARTESIAN_POINT('',(34.5258955220429,4.12107873743522,37.4998785660039));
#4628=CARTESIAN_POINT('',(32.6349999992758,4.26827881517373,37.6454317786892));
#4629=CARTESIAN_POINT('',(32.635,6.16489520800727,37.6567284599679));
#4630=CARTESIAN_POINT('',(34.5258955223881,4.12107873740836,38.265));
#4631=CARTESIAN_POINT('',(32.635,4.26827881561817,38.265));
#4632=CARTESIAN_POINT('',(32.635,6.16489520793692,38.265));
#4633=CARTESIAN_POINT('',(34.425,6.175,35.9995199184279));
#4634=CARTESIAN_POINT('',(-9.495,6.175,38.265));
#4635=CARTESIAN_POINT('',(-9.495,6.175,38.265));
#4636=CARTESIAN_POINT('',(24.685,6.175,38.265));
#4637=CARTESIAN_POINT('',(24.685,6.175,28.265));
#4638=CARTESIAN_POINT('',(0.504999999999999,6.175,38.265));
#4639=CARTESIAN_POINT('',(0.504999999999998,6.175,28.265));
#4640=CARTESIAN_POINT('',(24.685,6.175,28.265));
#4641=CARTESIAN_POINT('',(21.555,8.405,41.395));
#4642=CARTESIAN_POINT('',(21.555,8.405,41.395));
#4643=CARTESIAN_POINT('',(13.455,8.405,41.395));
#4644=CARTESIAN_POINT('',(21.555,8.405,41.395));
#4645=CARTESIAN_POINT('',(3.56500000000001,8.405,51.015));
#4646=CARTESIAN_POINT('',(3.56500000000001,8.405,51.015));
#4647=CARTESIAN_POINT('',(-4.53499999999999,8.405,51.015));
#4648=CARTESIAN_POINT('',(3.56500000000001,8.405,51.015));
#4649=CARTESIAN_POINT('',(21.555,8.405,60.635));
#4650=CARTESIAN_POINT('',(21.555,8.405,60.635));
#4651=CARTESIAN_POINT('',(13.455,8.405,60.635));
#4652=CARTESIAN_POINT('',(21.555,8.405,60.635));
#4653=CARTESIAN_POINT('',(3.56500000000001,5.675,64.585));
#4654=CARTESIAN_POINT('',(3.56500000000001,5.675,64.585));
#4655=CARTESIAN_POINT('',(0.105000000000009,5.675,64.585));
#4656=CARTESIAN_POINT('',(3.56500000000001,6.175,64.585));
#4657=CARTESIAN_POINT('',(0.105000000000009,6.175,64.585));
#4658=CARTESIAN_POINT('',(3.56500000000001,5.675,64.585));
#4659=CARTESIAN_POINT('',(3.56500000000001,5.675,64.585));
#4660=CARTESIAN_POINT('',(0.0550000000000095,5.675,64.585));
#4661=CARTESIAN_POINT('',(3.56500000000001,5.675,64.585));
#4662=CARTESIAN_POINT('',(6.55,6.175,60.54));
#4663=CARTESIAN_POINT('',(-2.275,5.675,40.665));
#4664=CARTESIAN_POINT('',(-2.275,5.675,40.665));
#4665=CARTESIAN_POINT('',(-2.275,5.675,41.04));
#4666=CARTESIAN_POINT('',(-2.275,6.175,40.665));
#4667=MECHANICAL_DESIGN_GEOMETRIC_PRESENTATION_REPRESENTATION('',(#1988,
#1989,#1990,#1991,#1992,#1993,#1994,#1995,#1996,#1997,#1998,#1999,#2000,
#2001,#2002,#2003,#2004,#2005,#2006,#2007,#2008,#2009,#2010,#2011,#2012,
#2013,#2014,#2015,#2016,#2017,#2018,#2019,#2020,#2021,#2022,#2023,#2024,
#2025,#2026,#2027,#2028,#2029,#2030,#2031,#2032,#2033,#2034,#2035,#2036,
#2037,#2038,#2039,#2040,#2041,#2042,#2043,#2044,#2045,#2046,#2047,#2048,
#2049,#2050,#2051,#2052,#2053,#2054,#2055,#2056,#2057,#2058,#2059,#2060,
#2061,#2062,#2063,#2064,#2065,#2066,#2067,#2068,#2069,#2070,#2071,#2072,
#2073,#2074,#2075,#2076,#2077,#2078,#2079,#2080,#2081,#2082,#2083,#2084,
#2085,#2086,#2087,#2088,#2089,#2090,#2091,#2092,#2093,#2094,#2095,#2096,
#2097,#2098,#2099,#2100,#2101,#2102,#2103,#2104,#2105,#2106,#2107,#2108,
#2109,#2110,#2111,#2112,#2113,#2114,#2115,#2116,#2117),#4668);
#4668=(
GEOMETRIC_REPRESENTATION_CONTEXT(3)
GLOBAL_UNCERTAINTY_ASSIGNED_CONTEXT((#4669))
GLOBAL_UNIT_ASSIGNED_CONTEXT((#4672,#4671,#4670))
REPRESENTATION_CONTEXT('iPhone 16 Pro','TOP_LEVEL_ASSEMBLY_PART')
);
#4669=UNCERTAINTY_MEASURE_WITH_UNIT(LENGTH_MEASURE(0.005),#4672,
'DISTANCE_ACCURACY_VALUE','Maximum Tolerance applied to model');
#4670=(
NAMED_UNIT(*)
SI_UNIT($,.STERADIAN.)
SOLID_ANGLE_UNIT()
);
#4671=(
NAMED_UNIT(*)
PLANE_ANGLE_UNIT()
SI_UNIT($,.RADIAN.)
);
#4672=(
LENGTH_UNIT()
NAMED_UNIT(*)
SI_UNIT(.MILLI.,.METRE.)
);
#4673=PRODUCT_DEFINITION_SHAPE('','',#4674);
#4674=PRODUCT_DEFINITION('','',#4676,#4675);
#4675=PRODUCT_DEFINITION_CONTEXT('',#4682,'design');
#4676=PRODUCT_DEFINITION_FORMATION_WITH_SPECIFIED_SOURCE('','',#4678,
 .NOT_KNOWN.);
#4677=PRODUCT_RELATED_PRODUCT_CATEGORY('','',(#4678));
#4678=PRODUCT('iPhone 16 Pro','iPhone 16 Pro','iPhone 16 Pro',(#4680));
#4679=PRODUCT_CATEGORY('','');
#4680=PRODUCT_CONTEXT('',#4682,'mechanical');
#4681=APPLICATION_PROTOCOL_DEFINITION('international standard',
'automotive_design',2010,#4682);
#4682=APPLICATION_CONTEXT(
'core data for automotive mechanical design processes');
ENDSEC;
END-ISO-10303-21;
